--
-- PostgreSQL database dump
--

-- Dumped from database version 10.15 (Ubuntu 10.15-0ubuntu0.18.04.1)
-- Dumped by pg_dump version 10.15 (Ubuntu 10.15-0ubuntu0.18.04.1)

SET statement_timeout = 0;
SET lock_timeout = 0;
SET idle_in_transaction_session_timeout = 0;
SET client_encoding = 'UTF8';
SET standard_conforming_strings = on;
SELECT pg_catalog.set_config('search_path', '', false);
SET check_function_bodies = false;
SET xmloption = content;
SET client_min_messages = warning;
SET row_security = off;

--
-- Name: plpgsql; Type: EXTENSION; Schema: -; Owner: 
--

CREATE EXTENSION IF NOT EXISTS plpgsql WITH SCHEMA pg_catalog;


--
-- Name: EXTENSION plpgsql; Type: COMMENT; Schema: -; Owner: 
--

COMMENT ON EXTENSION plpgsql IS 'PL/pgSQL procedural language';


SET default_tablespace = '';

SET default_with_oids = false;

--
-- Name: account_emailaddress; Type: TABLE; Schema: public; Owner: yllorca
--

CREATE TABLE public.account_emailaddress (
    id integer NOT NULL,
    email character varying(254) NOT NULL,
    verified boolean NOT NULL,
    "primary" boolean NOT NULL,
    user_id integer NOT NULL
);


ALTER TABLE public.account_emailaddress OWNER TO yllorca;

--
-- Name: account_emailaddress_id_seq; Type: SEQUENCE; Schema: public; Owner: yllorca
--

CREATE SEQUENCE public.account_emailaddress_id_seq
    AS integer
    START WITH 1
    INCREMENT BY 1
    NO MINVALUE
    NO MAXVALUE
    CACHE 1;


ALTER TABLE public.account_emailaddress_id_seq OWNER TO yllorca;

--
-- Name: account_emailaddress_id_seq; Type: SEQUENCE OWNED BY; Schema: public; Owner: yllorca
--

ALTER SEQUENCE public.account_emailaddress_id_seq OWNED BY public.account_emailaddress.id;


--
-- Name: account_emailconfirmation; Type: TABLE; Schema: public; Owner: yllorca
--

CREATE TABLE public.account_emailconfirmation (
    id integer NOT NULL,
    created timestamp with time zone NOT NULL,
    sent timestamp with time zone,
    key character varying(64) NOT NULL,
    email_address_id integer NOT NULL
);


ALTER TABLE public.account_emailconfirmation OWNER TO yllorca;

--
-- Name: account_emailconfirmation_id_seq; Type: SEQUENCE; Schema: public; Owner: yllorca
--

CREATE SEQUENCE public.account_emailconfirmation_id_seq
    AS integer
    START WITH 1
    INCREMENT BY 1
    NO MINVALUE
    NO MAXVALUE
    CACHE 1;


ALTER TABLE public.account_emailconfirmation_id_seq OWNER TO yllorca;

--
-- Name: account_emailconfirmation_id_seq; Type: SEQUENCE OWNED BY; Schema: public; Owner: yllorca
--

ALTER SEQUENCE public.account_emailconfirmation_id_seq OWNED BY public.account_emailconfirmation.id;


--
-- Name: auth_group; Type: TABLE; Schema: public; Owner: yllorca
--

CREATE TABLE public.auth_group (
    id integer NOT NULL,
    name character varying(80) NOT NULL
);


ALTER TABLE public.auth_group OWNER TO yllorca;

--
-- Name: auth_group_id_seq; Type: SEQUENCE; Schema: public; Owner: yllorca
--

CREATE SEQUENCE public.auth_group_id_seq
    AS integer
    START WITH 1
    INCREMENT BY 1
    NO MINVALUE
    NO MAXVALUE
    CACHE 1;


ALTER TABLE public.auth_group_id_seq OWNER TO yllorca;

--
-- Name: auth_group_id_seq; Type: SEQUENCE OWNED BY; Schema: public; Owner: yllorca
--

ALTER SEQUENCE public.auth_group_id_seq OWNED BY public.auth_group.id;


--
-- Name: auth_group_permissions; Type: TABLE; Schema: public; Owner: yllorca
--

CREATE TABLE public.auth_group_permissions (
    id integer NOT NULL,
    group_id integer NOT NULL,
    permission_id integer NOT NULL
);


ALTER TABLE public.auth_group_permissions OWNER TO yllorca;

--
-- Name: auth_group_permissions_id_seq; Type: SEQUENCE; Schema: public; Owner: yllorca
--

CREATE SEQUENCE public.auth_group_permissions_id_seq
    AS integer
    START WITH 1
    INCREMENT BY 1
    NO MINVALUE
    NO MAXVALUE
    CACHE 1;


ALTER TABLE public.auth_group_permissions_id_seq OWNER TO yllorca;

--
-- Name: auth_group_permissions_id_seq; Type: SEQUENCE OWNED BY; Schema: public; Owner: yllorca
--

ALTER SEQUENCE public.auth_group_permissions_id_seq OWNED BY public.auth_group_permissions.id;


--
-- Name: auth_permission; Type: TABLE; Schema: public; Owner: yllorca
--

CREATE TABLE public.auth_permission (
    id integer NOT NULL,
    name character varying(255) NOT NULL,
    content_type_id integer NOT NULL,
    codename character varying(100) NOT NULL
);


ALTER TABLE public.auth_permission OWNER TO yllorca;

--
-- Name: auth_permission_id_seq; Type: SEQUENCE; Schema: public; Owner: yllorca
--

CREATE SEQUENCE public.auth_permission_id_seq
    AS integer
    START WITH 1
    INCREMENT BY 1
    NO MINVALUE
    NO MAXVALUE
    CACHE 1;


ALTER TABLE public.auth_permission_id_seq OWNER TO yllorca;

--
-- Name: auth_permission_id_seq; Type: SEQUENCE OWNED BY; Schema: public; Owner: yllorca
--

ALTER SEQUENCE public.auth_permission_id_seq OWNED BY public.auth_permission.id;


--
-- Name: auth_user; Type: TABLE; Schema: public; Owner: yllorca
--

CREATE TABLE public.auth_user (
    id integer NOT NULL,
    password character varying(128) NOT NULL,
    last_login timestamp with time zone,
    is_superuser boolean NOT NULL,
    username character varying(150) NOT NULL,
    first_name character varying(30) NOT NULL,
    last_name character varying(30) NOT NULL,
    email character varying(254) NOT NULL,
    is_staff boolean NOT NULL,
    is_active boolean NOT NULL,
    date_joined timestamp with time zone NOT NULL
);


ALTER TABLE public.auth_user OWNER TO yllorca;

--
-- Name: auth_user_groups; Type: TABLE; Schema: public; Owner: yllorca
--

CREATE TABLE public.auth_user_groups (
    id integer NOT NULL,
    user_id integer NOT NULL,
    group_id integer NOT NULL
);


ALTER TABLE public.auth_user_groups OWNER TO yllorca;

--
-- Name: auth_user_groups_id_seq; Type: SEQUENCE; Schema: public; Owner: yllorca
--

CREATE SEQUENCE public.auth_user_groups_id_seq
    AS integer
    START WITH 1
    INCREMENT BY 1
    NO MINVALUE
    NO MAXVALUE
    CACHE 1;


ALTER TABLE public.auth_user_groups_id_seq OWNER TO yllorca;

--
-- Name: auth_user_groups_id_seq; Type: SEQUENCE OWNED BY; Schema: public; Owner: yllorca
--

ALTER SEQUENCE public.auth_user_groups_id_seq OWNED BY public.auth_user_groups.id;


--
-- Name: auth_user_id_seq; Type: SEQUENCE; Schema: public; Owner: yllorca
--

CREATE SEQUENCE public.auth_user_id_seq
    AS integer
    START WITH 1
    INCREMENT BY 1
    NO MINVALUE
    NO MAXVALUE
    CACHE 1;


ALTER TABLE public.auth_user_id_seq OWNER TO yllorca;

--
-- Name: auth_user_id_seq; Type: SEQUENCE OWNED BY; Schema: public; Owner: yllorca
--

ALTER SEQUENCE public.auth_user_id_seq OWNED BY public.auth_user.id;


--
-- Name: auth_user_user_permissions; Type: TABLE; Schema: public; Owner: yllorca
--

CREATE TABLE public.auth_user_user_permissions (
    id integer NOT NULL,
    user_id integer NOT NULL,
    permission_id integer NOT NULL
);


ALTER TABLE public.auth_user_user_permissions OWNER TO yllorca;

--
-- Name: auth_user_user_permissions_id_seq; Type: SEQUENCE; Schema: public; Owner: yllorca
--

CREATE SEQUENCE public.auth_user_user_permissions_id_seq
    AS integer
    START WITH 1
    INCREMENT BY 1
    NO MINVALUE
    NO MAXVALUE
    CACHE 1;


ALTER TABLE public.auth_user_user_permissions_id_seq OWNER TO yllorca;

--
-- Name: auth_user_user_permissions_id_seq; Type: SEQUENCE OWNED BY; Schema: public; Owner: yllorca
--

ALTER SEQUENCE public.auth_user_user_permissions_id_seq OWNED BY public.auth_user_user_permissions.id;


--
-- Name: cliente_cliente; Type: TABLE; Schema: public; Owner: yllorca
--

CREATE TABLE public.cliente_cliente (
    id integer NOT NULL,
    rut character varying(12) NOT NULL,
    razon_social character varying(250) NOT NULL,
    direccion character varying(250),
    fono character varying(250),
    contacto_comercial character varying(250),
    usuario_id integer NOT NULL
);


ALTER TABLE public.cliente_cliente OWNER TO yllorca;

--
-- Name: cliente_cliente_id_seq; Type: SEQUENCE; Schema: public; Owner: yllorca
--

CREATE SEQUENCE public.cliente_cliente_id_seq
    AS integer
    START WITH 1
    INCREMENT BY 1
    NO MINVALUE
    NO MAXVALUE
    CACHE 1;


ALTER TABLE public.cliente_cliente_id_seq OWNER TO yllorca;

--
-- Name: cliente_cliente_id_seq; Type: SEQUENCE OWNED BY; Schema: public; Owner: yllorca
--

ALTER SEQUENCE public.cliente_cliente_id_seq OWNED BY public.cliente_cliente.id;


--
-- Name: django_admin_log; Type: TABLE; Schema: public; Owner: yllorca
--

CREATE TABLE public.django_admin_log (
    id integer NOT NULL,
    action_time timestamp with time zone NOT NULL,
    object_id text,
    object_repr character varying(200) NOT NULL,
    action_flag smallint NOT NULL,
    change_message text NOT NULL,
    content_type_id integer,
    user_id integer NOT NULL,
    CONSTRAINT django_admin_log_action_flag_check CHECK ((action_flag >= 0))
);


ALTER TABLE public.django_admin_log OWNER TO yllorca;

--
-- Name: django_admin_log_id_seq; Type: SEQUENCE; Schema: public; Owner: yllorca
--

CREATE SEQUENCE public.django_admin_log_id_seq
    AS integer
    START WITH 1
    INCREMENT BY 1
    NO MINVALUE
    NO MAXVALUE
    CACHE 1;


ALTER TABLE public.django_admin_log_id_seq OWNER TO yllorca;

--
-- Name: django_admin_log_id_seq; Type: SEQUENCE OWNED BY; Schema: public; Owner: yllorca
--

ALTER SEQUENCE public.django_admin_log_id_seq OWNED BY public.django_admin_log.id;


--
-- Name: django_content_type; Type: TABLE; Schema: public; Owner: yllorca
--

CREATE TABLE public.django_content_type (
    id integer NOT NULL,
    app_label character varying(100) NOT NULL,
    model character varying(100) NOT NULL
);


ALTER TABLE public.django_content_type OWNER TO yllorca;

--
-- Name: django_content_type_id_seq; Type: SEQUENCE; Schema: public; Owner: yllorca
--

CREATE SEQUENCE public.django_content_type_id_seq
    AS integer
    START WITH 1
    INCREMENT BY 1
    NO MINVALUE
    NO MAXVALUE
    CACHE 1;


ALTER TABLE public.django_content_type_id_seq OWNER TO yllorca;

--
-- Name: django_content_type_id_seq; Type: SEQUENCE OWNED BY; Schema: public; Owner: yllorca
--

ALTER SEQUENCE public.django_content_type_id_seq OWNED BY public.django_content_type.id;


--
-- Name: django_migrations; Type: TABLE; Schema: public; Owner: yllorca
--

CREATE TABLE public.django_migrations (
    id integer NOT NULL,
    app character varying(255) NOT NULL,
    name character varying(255) NOT NULL,
    applied timestamp with time zone NOT NULL
);


ALTER TABLE public.django_migrations OWNER TO yllorca;

--
-- Name: django_migrations_id_seq; Type: SEQUENCE; Schema: public; Owner: yllorca
--

CREATE SEQUENCE public.django_migrations_id_seq
    AS integer
    START WITH 1
    INCREMENT BY 1
    NO MINVALUE
    NO MAXVALUE
    CACHE 1;


ALTER TABLE public.django_migrations_id_seq OWNER TO yllorca;

--
-- Name: django_migrations_id_seq; Type: SEQUENCE OWNED BY; Schema: public; Owner: yllorca
--

ALTER SEQUENCE public.django_migrations_id_seq OWNED BY public.django_migrations.id;


--
-- Name: django_session; Type: TABLE; Schema: public; Owner: yllorca
--

CREATE TABLE public.django_session (
    session_key character varying(40) NOT NULL,
    session_data text NOT NULL,
    expire_date timestamp with time zone NOT NULL
);


ALTER TABLE public.django_session OWNER TO yllorca;

--
-- Name: django_site; Type: TABLE; Schema: public; Owner: yllorca
--

CREATE TABLE public.django_site (
    id integer NOT NULL,
    domain character varying(100) NOT NULL,
    name character varying(50) NOT NULL
);


ALTER TABLE public.django_site OWNER TO yllorca;

--
-- Name: django_site_id_seq; Type: SEQUENCE; Schema: public; Owner: yllorca
--

CREATE SEQUENCE public.django_site_id_seq
    AS integer
    START WITH 1
    INCREMENT BY 1
    NO MINVALUE
    NO MAXVALUE
    CACHE 1;


ALTER TABLE public.django_site_id_seq OWNER TO yllorca;

--
-- Name: django_site_id_seq; Type: SEQUENCE OWNED BY; Schema: public; Owner: yllorca
--

ALTER SEQUENCE public.django_site_id_seq OWNED BY public.django_site.id;


--
-- Name: home_certificacion; Type: TABLE; Schema: public; Owner: yllorca
--

CREATE TABLE public.home_certificacion (
    id integer NOT NULL,
    nombre_certificacion character varying(50) NOT NULL,
    img character varying(100),
    publicado boolean NOT NULL,
    pdf_file character varying(100)
);


ALTER TABLE public.home_certificacion OWNER TO yllorca;

--
-- Name: home_certificacion_id_seq; Type: SEQUENCE; Schema: public; Owner: yllorca
--

CREATE SEQUENCE public.home_certificacion_id_seq
    AS integer
    START WITH 1
    INCREMENT BY 1
    NO MINVALUE
    NO MAXVALUE
    CACHE 1;


ALTER TABLE public.home_certificacion_id_seq OWNER TO yllorca;

--
-- Name: home_certificacion_id_seq; Type: SEQUENCE OWNED BY; Schema: public; Owner: yllorca
--

ALTER SEQUENCE public.home_certificacion_id_seq OWNED BY public.home_certificacion.id;


--
-- Name: home_contacto; Type: TABLE; Schema: public; Owner: yllorca
--

CREATE TABLE public.home_contacto (
    id integer NOT NULL,
    nombre_completo character varying(250) NOT NULL,
    email character varying(254) NOT NULL,
    fono character varying(14) NOT NULL,
    mensaje text NOT NULL,
    fecha timestamp with time zone NOT NULL,
    tema character varying(250)
);


ALTER TABLE public.home_contacto OWNER TO yllorca;

--
-- Name: home_contacto_id_seq; Type: SEQUENCE; Schema: public; Owner: yllorca
--

CREATE SEQUENCE public.home_contacto_id_seq
    AS integer
    START WITH 1
    INCREMENT BY 1
    NO MINVALUE
    NO MAXVALUE
    CACHE 1;


ALTER TABLE public.home_contacto_id_seq OWNER TO yllorca;

--
-- Name: home_contacto_id_seq; Type: SEQUENCE OWNED BY; Schema: public; Owner: yllorca
--

ALTER SEQUENCE public.home_contacto_id_seq OWNED BY public.home_contacto.id;


--
-- Name: home_equipo; Type: TABLE; Schema: public; Owner: yllorca
--

CREATE TABLE public.home_equipo (
    id integer NOT NULL,
    nombre_completo character varying(100) NOT NULL,
    cargo character varying(50) NOT NULL,
    url_twitter character varying(200),
    url_linkedin character varying(200),
    img character varying(100),
    publicado boolean NOT NULL
);


ALTER TABLE public.home_equipo OWNER TO yllorca;

--
-- Name: home_equipo_id_seq; Type: SEQUENCE; Schema: public; Owner: yllorca
--

CREATE SEQUENCE public.home_equipo_id_seq
    AS integer
    START WITH 1
    INCREMENT BY 1
    NO MINVALUE
    NO MAXVALUE
    CACHE 1;


ALTER TABLE public.home_equipo_id_seq OWNER TO yllorca;

--
-- Name: home_equipo_id_seq; Type: SEQUENCE OWNED BY; Schema: public; Owner: yllorca
--

ALTER SEQUENCE public.home_equipo_id_seq OWNED BY public.home_equipo.id;


--
-- Name: home_servcio; Type: TABLE; Schema: public; Owner: yllorca
--

CREATE TABLE public.home_servcio (
    id integer NOT NULL,
    nombre character varying(250) NOT NULL,
    slug character varying(1000),
    categoria character varying(20) NOT NULL,
    descripcion text NOT NULL,
    img character varying(100),
    publicado boolean NOT NULL
);


ALTER TABLE public.home_servcio OWNER TO yllorca;

--
-- Name: home_servcio_id_seq; Type: SEQUENCE; Schema: public; Owner: yllorca
--

CREATE SEQUENCE public.home_servcio_id_seq
    AS integer
    START WITH 1
    INCREMENT BY 1
    NO MINVALUE
    NO MAXVALUE
    CACHE 1;


ALTER TABLE public.home_servcio_id_seq OWNER TO yllorca;

--
-- Name: home_servcio_id_seq; Type: SEQUENCE OWNED BY; Schema: public; Owner: yllorca
--

ALTER SEQUENCE public.home_servcio_id_seq OWNED BY public.home_servcio.id;


--
-- Name: informe_informe; Type: TABLE; Schema: public; Owner: yllorca
--

CREATE TABLE public.informe_informe (
    id integer NOT NULL,
    nombre_informe character varying(250) NOT NULL,
    tipo_informe character varying(250) NOT NULL,
    fecha_muestreo date NOT NULL,
    fecha_recepcion date NOT NULL,
    pdf_file character varying(100),
    fecha_publicacion date NOT NULL,
    publicado boolean NOT NULL,
    cliente_id integer NOT NULL
);


ALTER TABLE public.informe_informe OWNER TO yllorca;

--
-- Name: informe_informe_id_seq; Type: SEQUENCE; Schema: public; Owner: yllorca
--

CREATE SEQUENCE public.informe_informe_id_seq
    AS integer
    START WITH 1
    INCREMENT BY 1
    NO MINVALUE
    NO MAXVALUE
    CACHE 1;


ALTER TABLE public.informe_informe_id_seq OWNER TO yllorca;

--
-- Name: informe_informe_id_seq; Type: SEQUENCE OWNED BY; Schema: public; Owner: yllorca
--

ALTER SEQUENCE public.informe_informe_id_seq OWNED BY public.informe_informe.id;


--
-- Name: reclamo_reclamo; Type: TABLE; Schema: public; Owner: yllorca
--

CREATE TABLE public.reclamo_reclamo (
    id integer NOT NULL,
    tipo_solicitud character varying(25) NOT NULL,
    estado character varying(25) NOT NULL,
    categoria character varying(25) NOT NULL,
    texto text NOT NULL,
    fecha_ingreso timestamp with time zone NOT NULL,
    cliente_id integer NOT NULL
);


ALTER TABLE public.reclamo_reclamo OWNER TO yllorca;

--
-- Name: reclamo_reclamo_id_seq; Type: SEQUENCE; Schema: public; Owner: yllorca
--

CREATE SEQUENCE public.reclamo_reclamo_id_seq
    AS integer
    START WITH 1
    INCREMENT BY 1
    NO MINVALUE
    NO MAXVALUE
    CACHE 1;


ALTER TABLE public.reclamo_reclamo_id_seq OWNER TO yllorca;

--
-- Name: reclamo_reclamo_id_seq; Type: SEQUENCE OWNED BY; Schema: public; Owner: yllorca
--

ALTER SEQUENCE public.reclamo_reclamo_id_seq OWNED BY public.reclamo_reclamo.id;


--
-- Name: reclamo_respuesta; Type: TABLE; Schema: public; Owner: yllorca
--

CREATE TABLE public.reclamo_respuesta (
    id integer NOT NULL,
    detalle_respuesta text NOT NULL,
    fecha_respuesta timestamp with time zone NOT NULL,
    reclamo_id integer NOT NULL,
    usuario_interno_id integer NOT NULL
);


ALTER TABLE public.reclamo_respuesta OWNER TO yllorca;

--
-- Name: reclamo_respuesta_id_seq; Type: SEQUENCE; Schema: public; Owner: yllorca
--

CREATE SEQUENCE public.reclamo_respuesta_id_seq
    AS integer
    START WITH 1
    INCREMENT BY 1
    NO MINVALUE
    NO MAXVALUE
    CACHE 1;


ALTER TABLE public.reclamo_respuesta_id_seq OWNER TO yllorca;

--
-- Name: reclamo_respuesta_id_seq; Type: SEQUENCE OWNED BY; Schema: public; Owner: yllorca
--

ALTER SEQUENCE public.reclamo_respuesta_id_seq OWNED BY public.reclamo_respuesta.id;


--
-- Name: socialaccount_socialaccount; Type: TABLE; Schema: public; Owner: yllorca
--

CREATE TABLE public.socialaccount_socialaccount (
    id integer NOT NULL,
    provider character varying(30) NOT NULL,
    uid character varying(191) NOT NULL,
    last_login timestamp with time zone NOT NULL,
    date_joined timestamp with time zone NOT NULL,
    extra_data text NOT NULL,
    user_id integer NOT NULL
);


ALTER TABLE public.socialaccount_socialaccount OWNER TO yllorca;

--
-- Name: socialaccount_socialaccount_id_seq; Type: SEQUENCE; Schema: public; Owner: yllorca
--

CREATE SEQUENCE public.socialaccount_socialaccount_id_seq
    AS integer
    START WITH 1
    INCREMENT BY 1
    NO MINVALUE
    NO MAXVALUE
    CACHE 1;


ALTER TABLE public.socialaccount_socialaccount_id_seq OWNER TO yllorca;

--
-- Name: socialaccount_socialaccount_id_seq; Type: SEQUENCE OWNED BY; Schema: public; Owner: yllorca
--

ALTER SEQUENCE public.socialaccount_socialaccount_id_seq OWNED BY public.socialaccount_socialaccount.id;


--
-- Name: socialaccount_socialapp; Type: TABLE; Schema: public; Owner: yllorca
--

CREATE TABLE public.socialaccount_socialapp (
    id integer NOT NULL,
    provider character varying(30) NOT NULL,
    name character varying(40) NOT NULL,
    client_id character varying(191) NOT NULL,
    secret character varying(191) NOT NULL,
    key character varying(191) NOT NULL
);


ALTER TABLE public.socialaccount_socialapp OWNER TO yllorca;

--
-- Name: socialaccount_socialapp_id_seq; Type: SEQUENCE; Schema: public; Owner: yllorca
--

CREATE SEQUENCE public.socialaccount_socialapp_id_seq
    AS integer
    START WITH 1
    INCREMENT BY 1
    NO MINVALUE
    NO MAXVALUE
    CACHE 1;


ALTER TABLE public.socialaccount_socialapp_id_seq OWNER TO yllorca;

--
-- Name: socialaccount_socialapp_id_seq; Type: SEQUENCE OWNED BY; Schema: public; Owner: yllorca
--

ALTER SEQUENCE public.socialaccount_socialapp_id_seq OWNED BY public.socialaccount_socialapp.id;


--
-- Name: socialaccount_socialapp_sites; Type: TABLE; Schema: public; Owner: yllorca
--

CREATE TABLE public.socialaccount_socialapp_sites (
    id integer NOT NULL,
    socialapp_id integer NOT NULL,
    site_id integer NOT NULL
);


ALTER TABLE public.socialaccount_socialapp_sites OWNER TO yllorca;

--
-- Name: socialaccount_socialapp_sites_id_seq; Type: SEQUENCE; Schema: public; Owner: yllorca
--

CREATE SEQUENCE public.socialaccount_socialapp_sites_id_seq
    AS integer
    START WITH 1
    INCREMENT BY 1
    NO MINVALUE
    NO MAXVALUE
    CACHE 1;


ALTER TABLE public.socialaccount_socialapp_sites_id_seq OWNER TO yllorca;

--
-- Name: socialaccount_socialapp_sites_id_seq; Type: SEQUENCE OWNED BY; Schema: public; Owner: yllorca
--

ALTER SEQUENCE public.socialaccount_socialapp_sites_id_seq OWNED BY public.socialaccount_socialapp_sites.id;


--
-- Name: socialaccount_socialtoken; Type: TABLE; Schema: public; Owner: yllorca
--

CREATE TABLE public.socialaccount_socialtoken (
    id integer NOT NULL,
    token text NOT NULL,
    token_secret text NOT NULL,
    expires_at timestamp with time zone,
    account_id integer NOT NULL,
    app_id integer NOT NULL
);


ALTER TABLE public.socialaccount_socialtoken OWNER TO yllorca;

--
-- Name: socialaccount_socialtoken_id_seq; Type: SEQUENCE; Schema: public; Owner: yllorca
--

CREATE SEQUENCE public.socialaccount_socialtoken_id_seq
    AS integer
    START WITH 1
    INCREMENT BY 1
    NO MINVALUE
    NO MAXVALUE
    CACHE 1;


ALTER TABLE public.socialaccount_socialtoken_id_seq OWNER TO yllorca;

--
-- Name: socialaccount_socialtoken_id_seq; Type: SEQUENCE OWNED BY; Schema: public; Owner: yllorca
--

ALTER SEQUENCE public.socialaccount_socialtoken_id_seq OWNED BY public.socialaccount_socialtoken.id;


--
-- Name: account_emailaddress id; Type: DEFAULT; Schema: public; Owner: yllorca
--

ALTER TABLE ONLY public.account_emailaddress ALTER COLUMN id SET DEFAULT nextval('public.account_emailaddress_id_seq'::regclass);


--
-- Name: account_emailconfirmation id; Type: DEFAULT; Schema: public; Owner: yllorca
--

ALTER TABLE ONLY public.account_emailconfirmation ALTER COLUMN id SET DEFAULT nextval('public.account_emailconfirmation_id_seq'::regclass);


--
-- Name: auth_group id; Type: DEFAULT; Schema: public; Owner: yllorca
--

ALTER TABLE ONLY public.auth_group ALTER COLUMN id SET DEFAULT nextval('public.auth_group_id_seq'::regclass);


--
-- Name: auth_group_permissions id; Type: DEFAULT; Schema: public; Owner: yllorca
--

ALTER TABLE ONLY public.auth_group_permissions ALTER COLUMN id SET DEFAULT nextval('public.auth_group_permissions_id_seq'::regclass);


--
-- Name: auth_permission id; Type: DEFAULT; Schema: public; Owner: yllorca
--

ALTER TABLE ONLY public.auth_permission ALTER COLUMN id SET DEFAULT nextval('public.auth_permission_id_seq'::regclass);


--
-- Name: auth_user id; Type: DEFAULT; Schema: public; Owner: yllorca
--

ALTER TABLE ONLY public.auth_user ALTER COLUMN id SET DEFAULT nextval('public.auth_user_id_seq'::regclass);


--
-- Name: auth_user_groups id; Type: DEFAULT; Schema: public; Owner: yllorca
--

ALTER TABLE ONLY public.auth_user_groups ALTER COLUMN id SET DEFAULT nextval('public.auth_user_groups_id_seq'::regclass);


--
-- Name: auth_user_user_permissions id; Type: DEFAULT; Schema: public; Owner: yllorca
--

ALTER TABLE ONLY public.auth_user_user_permissions ALTER COLUMN id SET DEFAULT nextval('public.auth_user_user_permissions_id_seq'::regclass);


--
-- Name: cliente_cliente id; Type: DEFAULT; Schema: public; Owner: yllorca
--

ALTER TABLE ONLY public.cliente_cliente ALTER COLUMN id SET DEFAULT nextval('public.cliente_cliente_id_seq'::regclass);


--
-- Name: django_admin_log id; Type: DEFAULT; Schema: public; Owner: yllorca
--

ALTER TABLE ONLY public.django_admin_log ALTER COLUMN id SET DEFAULT nextval('public.django_admin_log_id_seq'::regclass);


--
-- Name: django_content_type id; Type: DEFAULT; Schema: public; Owner: yllorca
--

ALTER TABLE ONLY public.django_content_type ALTER COLUMN id SET DEFAULT nextval('public.django_content_type_id_seq'::regclass);


--
-- Name: django_migrations id; Type: DEFAULT; Schema: public; Owner: yllorca
--

ALTER TABLE ONLY public.django_migrations ALTER COLUMN id SET DEFAULT nextval('public.django_migrations_id_seq'::regclass);


--
-- Name: django_site id; Type: DEFAULT; Schema: public; Owner: yllorca
--

ALTER TABLE ONLY public.django_site ALTER COLUMN id SET DEFAULT nextval('public.django_site_id_seq'::regclass);


--
-- Name: home_certificacion id; Type: DEFAULT; Schema: public; Owner: yllorca
--

ALTER TABLE ONLY public.home_certificacion ALTER COLUMN id SET DEFAULT nextval('public.home_certificacion_id_seq'::regclass);


--
-- Name: home_contacto id; Type: DEFAULT; Schema: public; Owner: yllorca
--

ALTER TABLE ONLY public.home_contacto ALTER COLUMN id SET DEFAULT nextval('public.home_contacto_id_seq'::regclass);


--
-- Name: home_equipo id; Type: DEFAULT; Schema: public; Owner: yllorca
--

ALTER TABLE ONLY public.home_equipo ALTER COLUMN id SET DEFAULT nextval('public.home_equipo_id_seq'::regclass);


--
-- Name: home_servcio id; Type: DEFAULT; Schema: public; Owner: yllorca
--

ALTER TABLE ONLY public.home_servcio ALTER COLUMN id SET DEFAULT nextval('public.home_servcio_id_seq'::regclass);


--
-- Name: informe_informe id; Type: DEFAULT; Schema: public; Owner: yllorca
--

ALTER TABLE ONLY public.informe_informe ALTER COLUMN id SET DEFAULT nextval('public.informe_informe_id_seq'::regclass);


--
-- Name: reclamo_reclamo id; Type: DEFAULT; Schema: public; Owner: yllorca
--

ALTER TABLE ONLY public.reclamo_reclamo ALTER COLUMN id SET DEFAULT nextval('public.reclamo_reclamo_id_seq'::regclass);


--
-- Name: reclamo_respuesta id; Type: DEFAULT; Schema: public; Owner: yllorca
--

ALTER TABLE ONLY public.reclamo_respuesta ALTER COLUMN id SET DEFAULT nextval('public.reclamo_respuesta_id_seq'::regclass);


--
-- Name: socialaccount_socialaccount id; Type: DEFAULT; Schema: public; Owner: yllorca
--

ALTER TABLE ONLY public.socialaccount_socialaccount ALTER COLUMN id SET DEFAULT nextval('public.socialaccount_socialaccount_id_seq'::regclass);


--
-- Name: socialaccount_socialapp id; Type: DEFAULT; Schema: public; Owner: yllorca
--

ALTER TABLE ONLY public.socialaccount_socialapp ALTER COLUMN id SET DEFAULT nextval('public.socialaccount_socialapp_id_seq'::regclass);


--
-- Name: socialaccount_socialapp_sites id; Type: DEFAULT; Schema: public; Owner: yllorca
--

ALTER TABLE ONLY public.socialaccount_socialapp_sites ALTER COLUMN id SET DEFAULT nextval('public.socialaccount_socialapp_sites_id_seq'::regclass);


--
-- Name: socialaccount_socialtoken id; Type: DEFAULT; Schema: public; Owner: yllorca
--

ALTER TABLE ONLY public.socialaccount_socialtoken ALTER COLUMN id SET DEFAULT nextval('public.socialaccount_socialtoken_id_seq'::regclass);


--
-- Data for Name: account_emailaddress; Type: TABLE DATA; Schema: public; Owner: yllorca
--

COPY public.account_emailaddress (id, email, verified, "primary", user_id) FROM stdin;
9	ximena.tapia@inn.cl	t	t	9
11	jmoscoso@ecogestionambiental.cl	t	t	12
12	aaguilera@ecogestionambiental.cl	t	t	13
13	yllorca@helloworld.cl	t	t	14
14	whurtado@agqlabs.com	t	t	16
15	v.martinezb@gmail.com	t	t	31
16	sfiqueroa@ucsc.cl	t	t	24
17	hilrocas@ramalab.cl	t	t	28
18	cparravenegas@gmail.com	t	t	26
19	gestionambiental@controldeemisiones.cl	t	t	22
20	epenalver@ceamar.cl	t	t	20
21	dmolina@ecotecnos.cl	t	t	25
22	mlopez@algoritmospa.com	t	t	17
23	avaldenegro@costa-sur.cl	t	t	23
24	m.morales@syagroupchile.com	t	t	29
25	avasquez@cea.cl	t	t	19
26	pablo.rojas-guzman@bureauveritas.cl	t	t	21
27	lfuret@inpesca.cl	t	t	27
28	lab.ecologia@uatsa.cl	t	t	30
29	jorge.gutierrez@abbott.com	t	t	18
30	cvial@ecotecnos.cl	t	t	25
31	diegomoscosobarra@gmail.com	t	t	32
32	informatica@ecogestionambiental.cl	t	t	33
\.


--
-- Data for Name: account_emailconfirmation; Type: TABLE DATA; Schema: public; Owner: yllorca
--

COPY public.account_emailconfirmation (id, created, sent, key, email_address_id) FROM stdin;
\.


--
-- Data for Name: auth_group; Type: TABLE DATA; Schema: public; Owner: yllorca
--

COPY public.auth_group (id, name) FROM stdin;
1	clientes
2	admin
\.


--
-- Data for Name: auth_group_permissions; Type: TABLE DATA; Schema: public; Owner: yllorca
--

COPY public.auth_group_permissions (id, group_id, permission_id) FROM stdin;
\.


--
-- Data for Name: auth_permission; Type: TABLE DATA; Schema: public; Owner: yllorca
--

COPY public.auth_permission (id, name, content_type_id, codename) FROM stdin;
1	Can add log entry	1	add_logentry
2	Can change log entry	1	change_logentry
3	Can delete log entry	1	delete_logentry
4	Can add permission	2	add_permission
5	Can change permission	2	change_permission
6	Can delete permission	2	delete_permission
7	Can add group	3	add_group
8	Can change group	3	change_group
9	Can delete group	3	delete_group
10	Can add user	4	add_user
11	Can change user	4	change_user
12	Can delete user	4	delete_user
13	Can add content type	5	add_contenttype
14	Can change content type	5	change_contenttype
15	Can delete content type	5	delete_contenttype
16	Can add session	6	add_session
17	Can change session	6	change_session
18	Can delete session	6	delete_session
19	Can add Certificación	7	add_certificacion
20	Can change Certificación	7	change_certificacion
21	Can delete Certificación	7	delete_certificacion
22	Can add Contacto	8	add_contacto
23	Can change Contacto	8	change_contacto
24	Can delete Contacto	8	delete_contacto
25	Can add Integrante	9	add_equipo
26	Can change Integrante	9	change_equipo
27	Can delete Integrante	9	delete_equipo
28	Can add Servicio	10	add_servcio
29	Can change Servicio	10	change_servcio
30	Can delete Servicio	10	delete_servcio
31	Can add site	11	add_site
32	Can change site	11	change_site
33	Can delete site	11	delete_site
34	Can add Cliente	12	add_cliente
35	Can change Cliente	12	change_cliente
36	Can delete Cliente	12	delete_cliente
37	Can add Reclamo y Segerencia	13	add_reclamo
38	Can change Reclamo y Segerencia	13	change_reclamo
39	Can delete Reclamo y Segerencia	13	delete_reclamo
40	Can add Respuesta	14	add_respuesta
41	Can change Respuesta	14	change_respuesta
42	Can delete Respuesta	14	delete_respuesta
43	Can add email address	15	add_emailaddress
44	Can change email address	15	change_emailaddress
45	Can delete email address	15	delete_emailaddress
46	Can add email confirmation	16	add_emailconfirmation
47	Can change email confirmation	16	change_emailconfirmation
48	Can delete email confirmation	16	delete_emailconfirmation
49	Can add social account	17	add_socialaccount
50	Can change social account	17	change_socialaccount
51	Can delete social account	17	delete_socialaccount
52	Can add social application	18	add_socialapp
53	Can change social application	18	change_socialapp
54	Can delete social application	18	delete_socialapp
55	Can add social application token	19	add_socialtoken
56	Can change social application token	19	change_socialtoken
57	Can delete social application token	19	delete_socialtoken
58	Can add Informe	20	add_informe
59	Can change Informe	20	change_informe
60	Can delete Informe	20	delete_informe
\.


--
-- Data for Name: auth_user; Type: TABLE DATA; Schema: public; Owner: yllorca
--

COPY public.auth_user (id, password, last_login, is_superuser, username, first_name, last_name, email, is_staff, is_active, date_joined) FROM stdin;
48		\N	f	99593190-7			andrea.cardenas@aspsa.cl	f	t	2020-09-23 17:26:17.680507+00
28	pbkdf2_sha256$36000$cqlQyixu6Lat$QG7OpGyelszBy7zRp3CVw6UZFaRA0bReiNMvX07cJ2U=	\N	f	76038884-K			hilrocas@ramalab.cl	f	t	2020-05-11 03:53:29+00
49		\N	f	76297194-1			lfuretc@ambygest.cl	f	t	2020-09-23 17:47:21.661957+00
13	pbkdf2_sha256$36000$mK4vdgQYvzyq$HRbe69AhVAgt/bGLgYlP+yJQxoAWYJY7MMn1iYrihkE=	2020-04-23 22:08:59.755297+00	f	alax	Alex	Aguilera	aaguilera@ecogestionambiental.cl	t	t	2020-04-20 14:23:02+00
26	pbkdf2_sha256$36000$q3owvq7YvvRc$XGVri6KyevmHyJH8QH8AVk6zpog82r65IDDjhmsCdf0=	\N	f	76075442-0			cparravenegas@gmail.com	f	t	2020-05-11 03:45:35+00
15	pbkdf2_sha256$36000$plgDznwu0scg$9l+kS9d6PfxQk6rxzqXml4TW0015QBBhCAfVIy+1Iec=	\N	f	administracion	Nicole	Mora	administracion@ecogestionambiental.cl	t	t	2020-04-23 22:12:25+00
27	pbkdf2_sha256$36000$BT1XfaEdqGoM$hK0o0f29g3Sdg+zF4L3pwjqI6/VmgbkQ1IvEZfmd+SQ=	\N	f	96555810-1			lfuret@inpesca.cl	f	t	2020-05-11 03:47:51+00
17	pbkdf2_sha256$36000$HrTcxjD3gtFW$QRAaQNIrVij0v24YpmxEZysS1Rf/QMsmyOSU1mrynsQ=	\N	f	77007600-5			gvivanco@algoritmospa.com	f	t	2020-05-11 03:18:29+00
19	pbkdf2_sha256$36000$ChoG2FcRDruM$rBy1AFUPsE6VaSPKYS5SBwToYoMrbErQbVjg4ObH/Iw=	\N	f	78294470-3			lvega@cea.cl	f	t	2020-05-11 03:26:24+00
22	pbkdf2_sha256$36000$PTFboUjjHdde$LWjYNJ0TKRTVtnprdcQzxu417MZqt9+lYKbi6H6+q/A=	\N	f	76164728-8			gestionambiental@controldeemisiones.cl	f	t	2020-05-11 03:34:57+00
20	pbkdf2_sha256$36000$2Hw77Dxm3s3P$GGG+ZJcQOf8CKw7oo+8A5ktEFTeRY7L8VlL/a1iwhCI=	\N	f	76178110-3			xfuentes@ceamar.cl	f	t	2020-05-11 03:28:41+00
50		\N	f	79895330-3			plara@puertocoronel.cl	f	t	2020-09-23 17:51:10.324928+00
25	pbkdf2_sha256$36000$LbVWobSqGTjl$02apalID4xB5a0tK6xpPMREwHH7dL3ZO0JwFxbN26Pw=	2020-05-11 22:32:10.482661+00	f	76197107-7			cvial@ecotecnos.cl	f	t	2020-05-11 03:42:18+00
23	pbkdf2_sha256$36000$tZz94HxNa0VV$9lIxKu+uQhP6EuwJq3nymdigZ2iF71gbX+nmgIOP4zY=	\N	f	77678820-1			oi_fernando@costa-sur.cl	f	t	2020-05-11 03:37:22+00
24	pbkdf2_sha256$36000$8LSnwl3sRyP4$WRFFS1JtqdYpj4VlvgBcpZCvtbEzeBcLxrNC9qASF8g=	\N	f	71915800-5			ptorres@ucsc.cl	f	t	2020-05-11 03:39:50+00
51		\N	f	96908930-0			nretamal@svti.cl	f	t	2020-09-23 17:56:14.185538+00
32	pbkdf2_sha256$36000$rihEVkY17mMA$2BwW3Qhms0rovrM6ChG9yO2DQPEA1+PHnM7pWbd9CpM=	2020-08-07 00:34:51.898762+00	f	201971314			diegomoscosobarra@gmail.com	f	f	2020-08-07 00:19:39.867073+00
52		\N	f	96584160-1			marcela.aravena@huilohuilo.com	f	t	2020-09-23 17:59:15.228937+00
16	pbkdf2_sha256$36000$9eTMttjquApg$niHirK0xXKpRI7TmKfXvHMvYoTfg05xPYMbcweaFHzI=	2020-05-11 03:11:46.757016+00	f	96964370-7			whurtado@agqlabs.com	f	t	2020-05-11 03:06:27+00
31	pbkdf2_sha256$36000$mhff15R2016X$zVZSN4d7SIRHXS5x+yzz3WTrzNgGIknuzMhGTJChsXc=	\N	f	60921000-1			victor.gudino@uv.cl	f	t	2020-05-11 03:59:37+00
29	pbkdf2_sha256$36000$BkbPNmEQ4eQj$sqe1tbgXa+xJUyQlrhOMmFDhRzmhUThcwQ1GDBQwzHk=	\N	f	77826080-8			m.morales@syagroupchile.com	f	t	2020-05-11 03:56:00+00
34		\N	f	76833300-9			Jorge.PerezL@essbio.cl	f	t	2020-09-18 01:46:53.226524+00
9	pbkdf2_sha256$36000$vw1k7BcnwWjN$HSQuVeFBYUCPRxraudpkX4vCYqoLhKW4QDc4XJyicOs=	2020-03-31 20:51:27.510406+00	f	inn	Inn		ximena.tapia@inn.cl	f	t	2020-03-31 20:41:17+00
53		\N	f	96893820-7			srodriguez@corpesca.cl	f	t	2020-09-23 18:06:26.131829+00
21	pbkdf2_sha256$36000$kZdNSwibBulT$uPKaAwiF8rQkwdqB2zt1fkgzSEhRmNxHbTzYM0Wu/t8=	\N	f	81185000-4			pablo.rojas-guzman@bureauveritas.cl	f	t	2020-05-11 03:31:37+00
36		\N	f	96772810-1			constanza.hidd@iansa.cl	f	t	2020-09-18 02:07:13.319221+00
54		\N	f	88792300-0			luciano.navarrete@agrolomas.cl	f	t	2020-09-23 18:10:08.35103+00
35		\N	f	96963440-6			Jorge.PerezL@essbio.cl	f	t	2020-09-18 02:00:58.153536+00
55		\N	f	61704000-k			VGuzm004@codelco.cl	f	t	2020-09-23 18:26:21.97305+00
56		\N	f	96981310-6			fevelas@cerveza-kunstmann.com	f	t	2020-09-23 18:30:41.365562+00
37		\N	f	96766590-8			elisa.amanda@gmail.com	f	t	2020-09-18 02:12:53.418494+00
30	pbkdf2_sha256$36000$d8OzpG6MDrbj$G0der+eEalw0Lw7y8Ee96XHV4tJPHHfUar7D+o6FCfE=	\N	f	96661140-5			lab.ecologia@uatsa.cl	f	t	2020-05-11 03:57:50+00
12	pbkdf2_sha256$36000$7RXiKy5UIaVN$lcWUPubZ9omTAPfB9748lHCsrmY/Ix1YeBpyxS6q+UY=	2020-09-22 01:10:29.370654+00	f	jmoscoso	Julio	Moscoso	jmoscoso@ecogestionambiental.cl	t	t	2020-04-20 14:20:32+00
38		\N	f	99579230-3			yaedo@islaquihua.cl	f	t	2020-09-22 01:15:48.70972+00
39		\N	f	96579800-5			ppinoa@essal.cl	f	t	2020-09-22 01:19:12.684099+00
33	pbkdf2_sha256$36000$1E7p0mIr6qtT$70DLTKVpnDxlvw2Oyf6Kz1wtntRQ6JeqCLhuAQXJqDw=	2020-09-14 23:15:11.10408+00	f	20196658-2			informatica@ecogestionambiental.cl	f	t	2020-09-14 17:53:16.031114+00
14	pbkdf2_sha256$36000$itGkxhSCq3px$iUXsDYPf6A6r7GdW3oSGWxwPZEnuygXTOeMz9H1QiS4=	2021-01-06 15:21:39.612448+00	t	yllorca			yllorca@helloworld.cl	t	t	2020-04-23 22:06:11+00
18	pbkdf2_sha256$36000$kohMad38WBzl$H4hXqSAaZWEMO+rlfCJaonaePB19zY3w5wcQblpboME=	2020-05-11 18:51:00.600853+00	f	99591760-2			jorge.gutierrez@abbott.com	f	t	2020-05-11 03:22:26+00
40		\N	f	87703300-7			alejandro.delgado@engie.com	f	t	2020-09-22 01:32:55.44874+00
41		\N	f	96775140-5			holly.caceres@sancristobal.cl	f	t	2020-09-22 01:35:51.903669+00
42		\N	f	99575430-4			kmajluf@asipec.cl	f	t	2020-09-22 01:39:12.59681+00
43		\N	f	93711000-6			efellmer@camanchaca.cl	f	t	2020-09-22 01:42:25.845797+00
44		\N	f	76515665-3			ietchepare@scallopchile.cl	f	t	2020-09-23 17:06:37.364983+00
45		\N	f	79732410-8			ecanto@ekonometrica.cl	f	t	2020-09-23 17:14:11.672429+00
46		\N	f	76145730-6			sotomayor.300@hotmail.com	f	t	2020-09-23 17:15:43.15317+00
47		\N	f	61106000-9			eavendanov@asmar.cl	f	t	2020-09-23 17:23:14.512232+00
\.


--
-- Data for Name: auth_user_groups; Type: TABLE DATA; Schema: public; Owner: yllorca
--

COPY public.auth_user_groups (id, user_id, group_id) FROM stdin;
3	9	1
6	13	2
7	12	2
9	14	2
10	16	1
11	17	1
12	18	1
13	19	1
14	20	1
15	21	1
16	22	1
17	23	1
18	24	1
19	25	1
20	26	1
21	27	1
22	28	1
23	29	1
24	30	1
25	31	1
26	32	1
28	33	1
29	34	1
30	35	1
31	36	1
32	37	1
33	38	1
34	39	1
35	40	1
36	41	1
37	42	1
38	43	1
39	44	1
40	45	1
41	46	1
42	47	1
43	48	1
44	49	1
45	50	1
46	51	1
47	52	1
48	53	1
49	54	1
50	55	1
51	56	1
\.


--
-- Data for Name: auth_user_user_permissions; Type: TABLE DATA; Schema: public; Owner: yllorca
--

COPY public.auth_user_user_permissions (id, user_id, permission_id) FROM stdin;
\.


--
-- Data for Name: cliente_cliente; Type: TABLE DATA; Schema: public; Owner: yllorca
--

COPY public.cliente_cliente (id, rut, razon_social, direccion, fono, contacto_comercial, usuario_id) FROM stdin;
41	995931907	Aguas San Pedro	\N	\N	Andrea Canales	48
42	762971941	Ambygest	\N	\N	Luis Furet	49
6	700491005	Instituto Nacional De Normalización	Av. Libertados Bernardo O'higgins 1449, Torre 7, Piso 16, Santiago	24458800	Ximena Tapia	9
43	798953303	Puerto Coronel	\N	\N	Paola Lara	50
44	969089300	Svti	\N	\N	Nicole Retamal Morales	51
45	965841601	Forestal Neltume	\N	\N	Marcela Aravena	52
9	969643707	Agq-Chile Labs	Agriquem América S.A. Industriales #697, Huechuraba, Santiago	+56932244741	Wilbert Hurtado	16
46	968938207	Corpesca	\N	\N	Simon Rodriguez	53
15	761647288	Conemi (Control De Emisiones Spa.)	Rio Rollizo N°260, Pichi Pelluco, Puerto Montt	(56 65) 2410269	Ivan Tapia	22
19	760754420	Geam-Chile Ltda.	Calle Doctor Martin 585A,  Puerto Montt.	+56-984116136	Cristian Parra	26
20	965558101	Inpesca (Instituto De Investigación Pesquera)	Avenida Cristóbal Colón 2780, Talcahuano	56-41-2920410	Luis furet	27
21	76038884K	Ramalab (Laboratorio Ramalab Eirl)	Pasaje Narciso Vargas s/n, casa 2, Gamboa alto, Castro, Chiloé	56-65-2636132	Hilda Castro	28
22	778260808	Sangüesa Y Asociados Limitada	Los Molinos 747 Quilpué, Quilpué	+56-32-2481559	Mario Morales C.	29
23	966611405	Uatsa Universidad De Antofagasta	Av Angamos 601, Antofagasta	+56 9 99331664	Ema Olivares	30
18	761971077	Ecotecnos S.A.	Limache 3405, Of 31, Edificio Reitz, Viña del Mar	(56 32) 2189200	Catalina Vial	25
25	201971314	Drone	xxxxxxxx	413333333	Diego Moscoso	32
13	761781103	Ceamar Ltda	Eduardo De La Barra N° 210,  La Serena	+5664220888	Ximena Fuentes	20
26	201966582	Francisco Muñoz Moscoso	MANQUIMAVIDA 274	966690869	FRANCISCO MUÑOZ MOSCOSO	33
10	770076005	Algoritmos Y Mediciones Ambientales Spa	Seminario Nº 180, Santiago	(56 2) 2361 6600	Giovanni Vivanco	17
12	782944703	Cea Ltda. (Centro De Ecología Aplicada)	Av. Príncipe de Gales 6465, La Reina, Santiago	(56 2) 24491304	Luis Vega	19
14	811850004	Cesmec (Bureau Veritas)	Avda. Marathon N°2595, Macul, Santiago	+56944931649	Pablo Rojas	21
16	776788201	Costa Sur Ltda	Cerro el Plomo 5931 Oficina 804, Las Condes, Santiago	+56997052730	Fernando Gajardo	23
47	887923000	Agrolomas	\N	\N	Luciano Navarrete	54
17	719158005	Crea-Ucsc (Centro Regional De Estudios Ambientales)	Av Colón #2766, Interior, Talcahuano	(5641)2345871	Patricio Torres	24
24	609210001	Universidad De Valparaiso	Av. Borgoño n°16344, Valparaíso	(5632) 2507832	Victor Gudiño	31
27	768333009	Essbio  S.A	\N	\N	Jorge Perez Lobos	34
48	61704000k	Codelco	\N	\N	Vicente Guzman Bernal	55
28	969634406	Nuevo Sur  S.A	\N	\N	Jorge Perez Lobos	35
29	967728101	Iansa	\N	\N	Constanza Hidd Cutiño	36
30	967665908	Lota Protein  S.A.	\N	56995995336	Elisa Giustinianovich	37
31	995792303	Isla Quihua S.A.	\N	\N	Yenny Aedo	38
32	965798005	Essal S.A.	\N	\N	Paulina Pino	39
11	995917602	Aquagestión S.A.	Ruta 5 Sur Km 1008, Puerto Varas	+56961437690	Jorge Gutiérrez	18
33	877033007	Engie	\N	\N	Alejandro Delgado	40
34	967751405	Cultivos Marinos San Cristobal	\N	\N	Holly Caceres	41
35	995754304	Pesquera Bahía Caldera	\N	\N	Keyla Majluf	42
36	937110006	Camanchaca  Caldera	\N	\N	Eliana Fellmer	43
37	765156653	Sacallop	\N	\N	Ivonne Etchepare	44
38	797324108	Hidrocultivos	\N	\N	Eric Canto	45
39	761457306	Áridos Remfisc	\N	\N	José Luis Jorquera	46
40	611060009	Asmar	\N	\N	Edison Avendaño Valenzuela	47
49	969813106	Kunstmann	\N	\N	Fernando Velasquez	56
\.


--
-- Data for Name: django_admin_log; Type: TABLE DATA; Schema: public; Owner: yllorca
--

COPY public.django_admin_log (id, action_time, object_id, object_repr, action_flag, change_message, content_type_id, user_id) FROM stdin;
75	2020-04-23 22:06:37.774887+00	14	yllorca	2	[{"changed": {"fields": ["groups"]}}]	4	14
76	2020-04-23 22:06:56.391797+00	5	Servicios Web Yury Llorca De La Noval Eirl	3		12	14
77	2020-04-23 22:12:25.827426+00	15	administracion	1	[{"added": {}}]	4	14
78	2020-04-23 22:13:23.279196+00	15	administracion	2	[{"changed": {"fields": ["first_name", "last_name", "email", "is_staff"]}}]	4	14
79	2020-04-23 22:44:17.717838+00	7	83-2020-MH	3		20	14
80	2020-04-23 22:44:17.722095+00	6	114-2020-CALETA QUINE-B	3		20	14
81	2020-04-23 22:44:17.725198+00	5	huachipato	3		20	14
82	2020-04-23 22:54:15.132011+00	8	Instituto De Investigacion Pesquera Octava Region S.A.	2	[]	12	14
83	2020-05-11 03:10:17.283193+00	16	96964370-7	2	[{"changed": {"fields": ["password"]}}]	4	14
84	2020-05-11 03:10:21.400479+00	16	96964370-7	2	[]	4	14
85	2020-05-11 03:11:07.892752+00	14	whurtado@agqlabs.com (96964370-7)	1	[{"added": {}}]	15	14
86	2020-05-11 03:51:10.814841+00	8	Instituto De Investigacion Pesquera Octava Region S.A.	3		12	14
87	2020-05-11 03:51:30.285051+00	11	965558101	3		4	14
88	2020-05-11 03:51:54.121742+00	2	760801666	3		4	14
89	2020-05-11 03:52:36.094345+00	10	14754901-6	3		4	14
90	2020-05-11 18:41:27.773612+00	31	60921000-1	2	[{"changed": {"fields": ["password"]}}]	4	14
91	2020-05-11 18:41:32.099307+00	31	60921000-1	2	[]	4	14
92	2020-05-11 18:41:41.008646+00	24	71915800-5	2	[{"changed": {"fields": ["password"]}}]	4	14
93	2020-05-11 18:41:43.564254+00	24	71915800-5	2	[]	4	14
94	2020-05-11 18:41:51.925572+00	28	76038884-K	2	[{"changed": {"fields": ["password"]}}]	4	14
95	2020-05-11 18:41:54.297744+00	28	76038884-K	2	[]	4	14
96	2020-05-11 18:42:02.366727+00	26	76075442-0	2	[{"changed": {"fields": ["password"]}}]	4	14
97	2020-05-11 18:42:04.730341+00	26	76075442-0	2	[]	4	14
98	2020-05-11 18:42:13.188033+00	22	76164728-8	2	[{"changed": {"fields": ["password"]}}]	4	14
99	2020-05-11 18:42:15.696032+00	22	76164728-8	2	[]	4	14
100	2020-05-11 18:42:25.969763+00	22	76164728-8	2	[{"changed": {"fields": ["password"]}}]	4	14
101	2020-05-11 18:42:28.382272+00	22	76164728-8	2	[]	4	14
102	2020-05-11 18:42:36.726526+00	20	76178110-3	2	[{"changed": {"fields": ["password"]}}]	4	14
103	2020-05-11 18:42:39.9085+00	20	76178110-3	2	[]	4	14
104	2020-05-11 18:42:48.069844+00	25	76197107-7	2	[{"changed": {"fields": ["password"]}}]	4	14
105	2020-05-11 18:42:51.909565+00	25	76197107-7	2	[]	4	14
106	2020-05-11 18:43:00.306201+00	17	77007600-5	2	[{"changed": {"fields": ["password"]}}]	4	14
107	2020-05-11 18:43:03.186538+00	17	77007600-5	2	[]	4	14
108	2020-05-11 18:43:19.410101+00	23	77678820-1	2	[{"changed": {"fields": ["password"]}}]	4	14
109	2020-05-11 18:43:22.516687+00	23	77678820-1	2	[]	4	14
110	2020-05-11 18:43:31.69233+00	29	77826080-8	2	[{"changed": {"fields": ["password"]}}]	4	14
111	2020-05-11 18:43:36.779437+00	29	77826080-8	2	[]	4	14
112	2020-05-11 18:43:45.370422+00	19	78294470-3	2	[{"changed": {"fields": ["password"]}}]	4	14
113	2020-05-11 18:43:47.73616+00	19	78294470-3	2	[]	4	14
114	2020-05-11 18:43:58.014704+00	21	81185000-4	2	[{"changed": {"fields": ["password"]}}]	4	14
115	2020-05-11 18:44:00.37828+00	21	81185000-4	2	[]	4	14
116	2020-05-11 18:44:15.399835+00	27	96555810-1	2	[{"changed": {"fields": ["password"]}}]	4	14
117	2020-05-11 18:44:17.778295+00	27	96555810-1	2	[]	4	14
118	2020-05-11 18:44:26.440965+00	30	96661140-5	2	[{"changed": {"fields": ["password"]}}]	4	14
119	2020-05-11 18:44:30.197534+00	30	96661140-5	2	[]	4	14
120	2020-05-11 18:44:47.720133+00	18	99591760-2	2	[{"changed": {"fields": ["password"]}}]	4	14
121	2020-05-11 18:44:49.988127+00	18	99591760-2	2	[]	4	14
122	2020-05-11 18:45:35.05835+00	15	v.martinezb@gmail.com (60921000-1)	1	[{"added": {}}]	15	14
123	2020-05-11 18:46:08.556491+00	16	sfiqueroa@ucsc.cl (71915800-5)	1	[{"added": {}}]	15	14
124	2020-05-11 18:46:50.096605+00	17	hilrocas@ramalab.cl (76038884-K)	1	[{"added": {}}]	15	14
125	2020-05-11 18:47:25.657377+00	18	cparravenegas@gmail.com (76075442-0)	1	[{"added": {}}]	15	14
126	2020-05-11 18:47:43.712529+00	19	gestionambiental@controldeemisiones.cl (76164728-8)	1	[{"added": {}}]	15	14
127	2020-05-11 18:47:57.553159+00	20	epenalver@ceamar.cl (76178110-3)	1	[{"added": {}}]	15	14
128	2020-05-11 18:48:14.102049+00	21	dmolina@ecotecnos.cl (76197107-7)	1	[{"added": {}}]	15	14
129	2020-05-11 18:48:26.18673+00	22	mlopez@algoritmospa.com (77007600-5)	1	[{"added": {}}]	15	14
130	2020-05-11 18:48:38.172846+00	23	avaldenegro@costa-sur.cl (77678820-1)	1	[{"added": {}}]	15	14
131	2020-05-11 18:48:50.358257+00	24	m.morales@syagroupchile.com (77826080-8)	1	[{"added": {}}]	15	14
132	2020-05-11 18:49:01.38542+00	25	avasquez@cea.cl (78294470-3)	1	[{"added": {}}]	15	14
133	2020-05-11 18:49:12.701991+00	26	pablo.rojas-guzman@bureauveritas.cl (81185000-4)	1	[{"added": {}}]	15	14
134	2020-05-11 18:49:24.941156+00	27	lfuret@inpesca.cl (96555810-1)	1	[{"added": {}}]	15	14
135	2020-05-11 18:49:35.61135+00	28	lab.ecologia@uatsa.cl (96661140-5)	1	[{"added": {}}]	15	14
136	2020-05-11 18:50:13.307939+00	29	jorge.gutierrez@abbott.com (99591760-2)	1	[{"added": {}}]	15	14
137	2020-05-11 22:00:41.194773+00	30	cvial@ecotecnos.cl (76197107-7)	1	[{"added": {}}]	15	14
\.


--
-- Data for Name: django_content_type; Type: TABLE DATA; Schema: public; Owner: yllorca
--

COPY public.django_content_type (id, app_label, model) FROM stdin;
1	admin	logentry
2	auth	permission
3	auth	group
4	auth	user
5	contenttypes	contenttype
6	sessions	session
7	home	certificacion
8	home	contacto
9	home	equipo
10	home	servcio
11	sites	site
12	cliente	cliente
13	reclamo	reclamo
14	reclamo	respuesta
15	account	emailaddress
16	account	emailconfirmation
17	socialaccount	socialaccount
18	socialaccount	socialapp
19	socialaccount	socialtoken
20	informe	informe
\.


--
-- Data for Name: django_migrations; Type: TABLE DATA; Schema: public; Owner: yllorca
--

COPY public.django_migrations (id, app, name, applied) FROM stdin;
1	contenttypes	0001_initial	2020-01-14 00:01:09.109149+00
2	auth	0001_initial	2020-01-14 00:01:09.263917+00
3	admin	0001_initial	2020-01-14 00:01:09.311469+00
4	admin	0002_logentry_remove_auto_add	2020-01-14 00:01:09.333611+00
5	contenttypes	0002_remove_content_type_name	2020-01-14 00:01:09.402816+00
6	auth	0002_alter_permission_name_max_length	2020-01-14 00:01:09.416299+00
7	auth	0003_alter_user_email_max_length	2020-01-14 00:01:09.439406+00
8	auth	0004_alter_user_username_opts	2020-01-14 00:01:09.457613+00
9	auth	0005_alter_user_last_login_null	2020-01-14 00:01:09.481837+00
10	auth	0006_require_contenttypes_0002	2020-01-14 00:01:09.486658+00
11	auth	0007_alter_validators_add_error_messages	2020-01-14 00:01:09.505286+00
12	auth	0008_alter_user_username_max_length	2020-01-14 00:01:09.534981+00
13	sessions	0001_initial	2020-01-14 00:01:09.562782+00
14	home	0001_initial	2020-01-22 20:11:26.612522+00
15	account	0001_initial	2020-01-27 13:04:49.02078+00
16	account	0002_email_max_length	2020-01-27 13:04:49.046542+00
17	cliente	0001_initial	2020-01-27 13:04:49.097591+00
18	reclamo	0001_initial	2020-01-27 13:04:49.226938+00
19	sites	0001_initial	2020-01-27 13:04:49.252769+00
20	sites	0002_alter_domain_unique	2020-01-27 13:04:49.274685+00
21	socialaccount	0001_initial	2020-01-27 13:04:49.469557+00
22	socialaccount	0002_token_max_lengths	2020-01-27 13:04:49.518579+00
23	socialaccount	0003_extra_data_default_dict	2020-01-27 13:04:49.540853+00
24	home	0002_auto_20200322_1544	2020-03-22 15:44:38.875911+00
25	cliente	0002_remove_cliente_activo	2020-03-24 19:55:41.718542+00
26	informe	0001_initial	2020-03-28 21:55:11.208032+00
27	home	0003_auto_20200408_1724	2020-04-08 17:24:57.589243+00
28	reclamo	0002_auto_20200422_0355	2020-04-22 03:55:32.152512+00
\.


--
-- Data for Name: django_session; Type: TABLE DATA; Schema: public; Owner: yllorca
--

COPY public.django_session (session_key, session_data, expire_date) FROM stdin;
cee71keykfl0kxa26c0giqumduqwfi9o	NjZiYWFhMDcwOTZlNDIzY2M1MDZmYTkxNTMzMGI2ZmRhZWIwNjc5Njp7Il9hdXRoX3VzZXJfaWQiOiIyNSIsIl9hdXRoX3VzZXJfYmFja2VuZCI6ImRqYW5nby5jb250cmliLmF1dGguYmFja2VuZHMuTW9kZWxCYWNrZW5kIiwiX2F1dGhfdXNlcl9oYXNoIjoiZGRjMTc5ZTNkYWVkMjE2NTcwYzI2MzA0Y2Q0YzBmMmM2MmNiMjczYiIsIl9zZXNzaW9uX2V4cGlyeSI6MH0=	2020-05-25 22:32:10.486122+00
glz4bou8anh6zqhc8x8tb2ye9tm1agem	MmU2N2M4MTljNzIyMWJmMWFlMGQ0NGU1ZGE3NzM1MzE3ZmY1MDk1YTp7Il9hdXRoX3VzZXJfaWQiOiIxIiwiX2F1dGhfdXNlcl9iYWNrZW5kIjoiZGphbmdvLmNvbnRyaWIuYXV0aC5iYWNrZW5kcy5Nb2RlbEJhY2tlbmQiLCJfYXV0aF91c2VyX2hhc2giOiIyMDA1NDViMzRhMTliOTJiYjZjM2IzZGFkMTVjNWFiNDkxNWZlNGQ2In0=	2020-01-28 13:26:22.748892+00
78hbcepht0fafodezzkhu2hpv6lklwpx	MmU2N2M4MTljNzIyMWJmMWFlMGQ0NGU1ZGE3NzM1MzE3ZmY1MDk1YTp7Il9hdXRoX3VzZXJfaWQiOiIxIiwiX2F1dGhfdXNlcl9iYWNrZW5kIjoiZGphbmdvLmNvbnRyaWIuYXV0aC5iYWNrZW5kcy5Nb2RlbEJhY2tlbmQiLCJfYXV0aF91c2VyX2hhc2giOiIyMDA1NDViMzRhMTliOTJiYjZjM2IzZGFkMTVjNWFiNDkxNWZlNGQ2In0=	2020-02-06 18:31:05.257337+00
s5jzh22v7t3ul4bxp8ws20mxum1srjv4	ZTZhYmYwNzI0NGJhOGQzZGE4NmViMTFlMWJkMjk3N2MyMmE1NmYxMjp7Il9hdXRoX3VzZXJfaWQiOiI3IiwiX2F1dGhfdXNlcl9iYWNrZW5kIjoiZGphbmdvLmNvbnRyaWIuYXV0aC5iYWNrZW5kcy5Nb2RlbEJhY2tlbmQiLCJfYXV0aF91c2VyX2hhc2giOiI2YTUwYmY2YjNlYjM4NDAxNjM3Y2VlNjNiMDI4OTg1YzA2OTQyOTVkIiwiX3Nlc3Npb25fZXhwaXJ5IjowfQ==	2020-04-14 19:25:12.103487+00
aceaor941zq1k6ol6mqc52b948r60io6	YmFlNjNkMDhiOWQ2OWQ0M2I1OWI3ZWVhMjQ3NmFhMjc4OTA1MDE1NDp7Il9hdXRoX3VzZXJfaWQiOiIxMSIsIl9hdXRoX3VzZXJfYmFja2VuZCI6ImRqYW5nby5jb250cmliLmF1dGguYmFja2VuZHMuTW9kZWxCYWNrZW5kIiwiX2F1dGhfdXNlcl9oYXNoIjoiOTU5MzBkZDRmMTgwOTQ2Y2M0M2NkOGI1MWZkZmRjZjFkNWY1YTQzOSIsIl9zZXNzaW9uX2V4cGlyeSI6MH0=	2020-05-08 16:36:29.660678+00
e6jtfi13v7gdbliccyfet3mpk35xe3sz	MGY4ZmZmMDQ5NDIxM2NkZjAyYTZjMjk4NzRiZTNiNGE2NTEzNzU0NTp7Il9hdXRoX3VzZXJfaWQiOiIxMiIsIl9hdXRoX3VzZXJfYmFja2VuZCI6ImRqYW5nby5jb250cmliLmF1dGguYmFja2VuZHMuTW9kZWxCYWNrZW5kIiwiX2F1dGhfdXNlcl9oYXNoIjoiMDcyYzllMTk5MTZhZjY0MmY0ODJiYzM1ZWFlZTBkMWU1MTFiM2U2NyIsIl9zZXNzaW9uX2V4cGlyeSI6MH0=	2020-06-19 17:14:04.039796+00
tzsb7u9nqpbjy9z2r35ggptkh43bu4oa	YmFlNjNkMDhiOWQ2OWQ0M2I1OWI3ZWVhMjQ3NmFhMjc4OTA1MDE1NDp7Il9hdXRoX3VzZXJfaWQiOiIxMSIsIl9hdXRoX3VzZXJfYmFja2VuZCI6ImRqYW5nby5jb250cmliLmF1dGguYmFja2VuZHMuTW9kZWxCYWNrZW5kIiwiX2F1dGhfdXNlcl9oYXNoIjoiOTU5MzBkZDRmMTgwOTQ2Y2M0M2NkOGI1MWZkZmRjZjFkNWY1YTQzOSIsIl9zZXNzaW9uX2V4cGlyeSI6MH0=	2020-05-04 15:41:36.174062+00
j1yj4jwjccujogsr83b1arqz424yac4q	MzNkMzQyZWQzNGJlYzE0NDcwNDNhZTA3ODIxMTYyN2VjZDNhZThiOTp7Il9hdXRoX3VzZXJfaWQiOiIyIiwiX2F1dGhfdXNlcl9iYWNrZW5kIjoiZGphbmdvLmNvbnRyaWIuYXV0aC5iYWNrZW5kcy5Nb2RlbEJhY2tlbmQiLCJfYXV0aF91c2VyX2hhc2giOiI3ODQwOWU3NzNhNmEyMDNjY2YwZWQxZjdjNDNmMWZjMTExNjYzM2JiIiwiX3Nlc3Npb25fZXhwaXJ5IjoxMjA5NjAwfQ==	2020-02-10 20:14:14.651057+00
ybvcd3j9quflf03azdg4kdl3ndfxjk8t	ZTZhYmYwNzI0NGJhOGQzZGE4NmViMTFlMWJkMjk3N2MyMmE1NmYxMjp7Il9hdXRoX3VzZXJfaWQiOiI3IiwiX2F1dGhfdXNlcl9iYWNrZW5kIjoiZGphbmdvLmNvbnRyaWIuYXV0aC5iYWNrZW5kcy5Nb2RlbEJhY2tlbmQiLCJfYXV0aF91c2VyX2hhc2giOiI2YTUwYmY2YjNlYjM4NDAxNjM3Y2VlNjNiMDI4OTg1YzA2OTQyOTVkIiwiX3Nlc3Npb25fZXhwaXJ5IjowfQ==	2020-04-23 03:37:23.030824+00
oogatxp5r3gi99pypq7ekwi3ulnbdli0	Zjc4YzY4ZmY4YmUyZThlYmYwMTAyMjkxZWU3N2I3NTQzZmFmNjIzNjp7Il9hdXRoX3VzZXJfaWQiOiIxMiIsIl9hdXRoX3VzZXJfYmFja2VuZCI6ImRqYW5nby5jb250cmliLmF1dGguYmFja2VuZHMuTW9kZWxCYWNrZW5kIiwiX2F1dGhfdXNlcl9oYXNoIjoiNzQ4OGEwOTYwMTNhZmQ3ODJiNDQwNTFmYWMzOWIwMGQ2ZTlkMmY1OSIsIl9zZXNzaW9uX2V4cGlyeSI6MH0=	2020-05-13 14:39:35.729493+00
yb3fyujai1guye1dzngh11aj97icdedr	Zjc4YzY4ZmY4YmUyZThlYmYwMTAyMjkxZWU3N2I3NTQzZmFmNjIzNjp7Il9hdXRoX3VzZXJfaWQiOiIxMiIsIl9hdXRoX3VzZXJfYmFja2VuZCI6ImRqYW5nby5jb250cmliLmF1dGguYmFja2VuZHMuTW9kZWxCYWNrZW5kIiwiX2F1dGhfdXNlcl9oYXNoIjoiNzQ4OGEwOTYwMTNhZmQ3ODJiNDQwNTFmYWMzOWIwMGQ2ZTlkMmY1OSIsIl9zZXNzaW9uX2V4cGlyeSI6MH0=	2020-05-05 15:17:26.970751+00
zxygoz02xt59gmt4q2kruq644mtpddkn	MzBhOTVjMjJhN2NkOGQ5MzgwMjRmZWZkYmRiNjgyYThiYjI2ZGU5Mzp7Il9hdXRoX3VzZXJfaWQiOiI1IiwiX2F1dGhfdXNlcl9iYWNrZW5kIjoiZGphbmdvLmNvbnRyaWIuYXV0aC5iYWNrZW5kcy5Nb2RlbEJhY2tlbmQiLCJfYXV0aF91c2VyX2hhc2giOiI0NGM2MGI2MGFhODMyZmMxMjE5ZGYwNjY1MDM5MjI5NGE4ZDBkOTQ5IiwiX3Nlc3Npb25fZXhwaXJ5IjowfQ==	2020-04-13 00:43:01.219243+00
f7v3trpsszbl2lohzsyalbbkbe3qywu6	YWY0MDQ5NTBjZDEyMGIxYzAzNTY1MjJmMTRkZTdmNTk3YzczODMxZDp7Il9hdXRoX3VzZXJfaWQiOiI1IiwiX2F1dGhfdXNlcl9iYWNrZW5kIjoiZGphbmdvLmNvbnRyaWIuYXV0aC5iYWNrZW5kcy5Nb2RlbEJhY2tlbmQiLCJfYXV0aF91c2VyX2hhc2giOiI0NGM2MGI2MGFhODMyZmMxMjE5ZGYwNjY1MDM5MjI5NGE4ZDBkOTQ5In0=	2020-04-07 20:04:02.212294+00
makjtioupfdko2xrb5rljl431zoquxp7	YTMyNGFjYmNiYTAxYWQzMTllMGEwMDJjODMzZmJjYTg5ZmQ5ZmUxYTp7Il9hdXRoX3VzZXJfaWQiOiI0IiwiX2F1dGhfdXNlcl9iYWNrZW5kIjoiZGphbmdvLmNvbnRyaWIuYXV0aC5iYWNrZW5kcy5Nb2RlbEJhY2tlbmQiLCJfYXV0aF91c2VyX2hhc2giOiI0OTVmYzlhOWQ3NGZiM2NhOWY4OGE4ZDg3NmNmY2U5NWM3OWVhZTdhIiwiX3Nlc3Npb25fZXhwaXJ5IjoxMjA5NjAwfQ==	2020-02-19 22:52:35.072072+00
pyce1ozy9ypjuxht3h1mxcu488ezxv5z	OGNhODFkMjAwNTc5YjdmMDA5YjU4YzMyNGVjZGRmMmU5M2ZhOGRlZDp7Il9hdXRoX3VzZXJfaWQiOiI0IiwiX2F1dGhfdXNlcl9iYWNrZW5kIjoiZGphbmdvLmNvbnRyaWIuYXV0aC5iYWNrZW5kcy5Nb2RlbEJhY2tlbmQiLCJfYXV0aF91c2VyX2hhc2giOiI0OTVmYzlhOWQ3NGZiM2NhOWY4OGE4ZDg3NmNmY2U5NWM3OWVhZTdhIiwiX3Nlc3Npb25fZXhwaXJ5IjowfQ==	2020-02-19 23:20:13.55413+00
2e2n3fg77auomzzelvzrkhbjopdpnpga	YmFlNjNkMDhiOWQ2OWQ0M2I1OWI3ZWVhMjQ3NmFhMjc4OTA1MDE1NDp7Il9hdXRoX3VzZXJfaWQiOiIxMSIsIl9hdXRoX3VzZXJfYmFja2VuZCI6ImRqYW5nby5jb250cmliLmF1dGguYmFja2VuZHMuTW9kZWxCYWNrZW5kIiwiX2F1dGhfdXNlcl9oYXNoIjoiOTU5MzBkZDRmMTgwOTQ2Y2M0M2NkOGI1MWZkZmRjZjFkNWY1YTQzOSIsIl9zZXNzaW9uX2V4cGlyeSI6MH0=	2020-05-06 13:41:25.040274+00
cgjhyygwunmmtrdypbf1jopfmdj23hou	Y2U4NTNhMjVlMmJmNDE2MDE0ZmI1NDg5NmExNDk1MzRhOWNjZmViZjp7Il9hdXRoX3VzZXJfaWQiOiIzIiwiX2F1dGhfdXNlcl9iYWNrZW5kIjoiZGphbmdvLmNvbnRyaWIuYXV0aC5iYWNrZW5kcy5Nb2RlbEJhY2tlbmQiLCJfYXV0aF91c2VyX2hhc2giOiI5ODQ1NzcwYjUyMDQ2NjMzYWYyMThmZDkzMDIxNjk4NTcxMmVkODUwIiwiX3Nlc3Npb25fZXhwaXJ5IjoxMjA5NjAwfQ==	2020-02-22 16:15:28.421541+00
wbm5facdu5k6npueds19b6tcguv66r1m	ZTZhYmYwNzI0NGJhOGQzZGE4NmViMTFlMWJkMjk3N2MyMmE1NmYxMjp7Il9hdXRoX3VzZXJfaWQiOiI3IiwiX2F1dGhfdXNlcl9iYWNrZW5kIjoiZGphbmdvLmNvbnRyaWIuYXV0aC5iYWNrZW5kcy5Nb2RlbEJhY2tlbmQiLCJfYXV0aF91c2VyX2hhc2giOiI2YTUwYmY2YjNlYjM4NDAxNjM3Y2VlNjNiMDI4OTg1YzA2OTQyOTVkIiwiX3Nlc3Npb25fZXhwaXJ5IjowfQ==	2020-04-21 21:58:43.554974+00
00r060oupjl2w6g5070wbkmdlg09iadx	MDc1NjM3OGYxZDY3MDEwMGY0MDUzNjg5Y2FkZDIzYzAyNzYzYWZhYTp7Il9hdXRoX3VzZXJfaWQiOiIyIiwiX2F1dGhfdXNlcl9iYWNrZW5kIjoiZGphbmdvLmNvbnRyaWIuYXV0aC5iYWNrZW5kcy5Nb2RlbEJhY2tlbmQiLCJfYXV0aF91c2VyX2hhc2giOiIwNmU3NmQ4ODQ4OWRjNThkMWYxODQ0ODc3NjczMjE5MGQxODAyYjFmIiwiX3Nlc3Npb25fZXhwaXJ5IjowfQ==	2020-05-01 17:38:35.822964+00
7y8mavrn98lbl49k8fsobwe0iwweegog	OGNhODFkMjAwNTc5YjdmMDA5YjU4YzMyNGVjZGRmMmU5M2ZhOGRlZDp7Il9hdXRoX3VzZXJfaWQiOiI0IiwiX2F1dGhfdXNlcl9iYWNrZW5kIjoiZGphbmdvLmNvbnRyaWIuYXV0aC5iYWNrZW5kcy5Nb2RlbEJhY2tlbmQiLCJfYXV0aF91c2VyX2hhc2giOiI0OTVmYzlhOWQ3NGZiM2NhOWY4OGE4ZDg3NmNmY2U5NWM3OWVhZTdhIiwiX3Nlc3Npb25fZXhwaXJ5IjowfQ==	2020-03-26 20:58:59.301907+00
e5oysti2ijapkcwss36gkwvi4zhe2kmh	NjZiYWFhMDcwOTZlNDIzY2M1MDZmYTkxNTMzMGI2ZmRhZWIwNjc5Njp7Il9hdXRoX3VzZXJfaWQiOiIyNSIsIl9hdXRoX3VzZXJfYmFja2VuZCI6ImRqYW5nby5jb250cmliLmF1dGguYmFja2VuZHMuTW9kZWxCYWNrZW5kIiwiX2F1dGhfdXNlcl9oYXNoIjoiZGRjMTc5ZTNkYWVkMjE2NTcwYzI2MzA0Y2Q0YzBmMmM2MmNiMjczYiIsIl9zZXNzaW9uX2V4cGlyeSI6MH0=	2020-05-25 22:06:04.648687+00
zx3sqeaq16gd6y5hkhh9i4nhok3p1ale	MGY4ZmZmMDQ5NDIxM2NkZjAyYTZjMjk4NzRiZTNiNGE2NTEzNzU0NTp7Il9hdXRoX3VzZXJfaWQiOiIxMiIsIl9hdXRoX3VzZXJfYmFja2VuZCI6ImRqYW5nby5jb250cmliLmF1dGguYmFja2VuZHMuTW9kZWxCYWNrZW5kIiwiX2F1dGhfdXNlcl9oYXNoIjoiMDcyYzllMTk5MTZhZjY0MmY0ODJiYzM1ZWFlZTBkMWU1MTFiM2U2NyIsIl9zZXNzaW9uX2V4cGlyeSI6MH0=	2020-08-12 16:33:42.75202+00
g94n4r6h2esi3u6kxa4h7kmcyb628fyl	YzA2NGNmN2ViZjFjZWFiMGJkNGU2ZWUwY2E0ZTJjMTY1MTJiYjYwNDp7Il9hdXRoX3VzZXJfaWQiOiIzMyIsIl9hdXRoX3VzZXJfYmFja2VuZCI6ImRqYW5nby5jb250cmliLmF1dGguYmFja2VuZHMuTW9kZWxCYWNrZW5kIiwiX2F1dGhfdXNlcl9oYXNoIjoiMzcwNjY3MmM5ZmRiOTlhMTZjNWFlYmM1MmJmN2Q5YWEwZWI3OTBjOCIsIl9zZXNzaW9uX2V4cGlyeSI6MH0=	2020-09-28 18:25:21.116077+00
gkwjll94buxckoefhp0aprhqx15ytuu3	ZTBhYjE2YTg0ZTU0MDgwZWRmNjJhZjc1ZjIyODZiZDMxMjMzZTg3Zjp7Il9hdXRoX3VzZXJfaWQiOiIzMiIsIl9hdXRoX3VzZXJfYmFja2VuZCI6ImRqYW5nby5jb250cmliLmF1dGguYmFja2VuZHMuTW9kZWxCYWNrZW5kIiwiX2F1dGhfdXNlcl9oYXNoIjoiMzZmMjIxMmMxOWRkNjVhM2Y3MDZmNDNjNjM4MDNkMmZjZDc4YjNiNiIsIl9zZXNzaW9uX2V4cGlyeSI6MH0=	2020-08-21 00:34:39.552009+00
2t3xeg1j0t1wcnkocc2zl3njvd3lsalk	MGY4ZmZmMDQ5NDIxM2NkZjAyYTZjMjk4NzRiZTNiNGE2NTEzNzU0NTp7Il9hdXRoX3VzZXJfaWQiOiIxMiIsIl9hdXRoX3VzZXJfYmFja2VuZCI6ImRqYW5nby5jb250cmliLmF1dGguYmFja2VuZHMuTW9kZWxCYWNrZW5kIiwiX2F1dGhfdXNlcl9oYXNoIjoiMDcyYzllMTk5MTZhZjY0MmY0ODJiYzM1ZWFlZTBkMWU1MTFiM2U2NyIsIl9zZXNzaW9uX2V4cGlyeSI6MH0=	2020-08-21 00:37:08.062824+00
uhx4pacy1hz9yl96qxudrpx8k8x1lqsg	MGY4ZmZmMDQ5NDIxM2NkZjAyYTZjMjk4NzRiZTNiNGE2NTEzNzU0NTp7Il9hdXRoX3VzZXJfaWQiOiIxMiIsIl9hdXRoX3VzZXJfYmFja2VuZCI6ImRqYW5nby5jb250cmliLmF1dGguYmFja2VuZHMuTW9kZWxCYWNrZW5kIiwiX2F1dGhfdXNlcl9oYXNoIjoiMDcyYzllMTk5MTZhZjY0MmY0ODJiYzM1ZWFlZTBkMWU1MTFiM2U2NyIsIl9zZXNzaW9uX2V4cGlyeSI6MH0=	2020-09-28 18:55:32.977448+00
ft88c33ohe8pu6bz4jdmsvabev9in7ao	MGY4ZmZmMDQ5NDIxM2NkZjAyYTZjMjk4NzRiZTNiNGE2NTEzNzU0NTp7Il9hdXRoX3VzZXJfaWQiOiIxMiIsIl9hdXRoX3VzZXJfYmFja2VuZCI6ImRqYW5nby5jb250cmliLmF1dGguYmFja2VuZHMuTW9kZWxCYWNrZW5kIiwiX2F1dGhfdXNlcl9oYXNoIjoiMDcyYzllMTk5MTZhZjY0MmY0ODJiYzM1ZWFlZTBkMWU1MTFiM2U2NyIsIl9zZXNzaW9uX2V4cGlyeSI6MH0=	2020-06-05 16:14:47.888609+00
4wyq98s1op7v6q3m4nfvn0sb5ihiktou	YmE0NTRmMjdiY2IwNzU1ZjE5ODU5NDZlMDQ3ZWQ4ZTU0NWRmNTE2Mzp7Il9hdXRoX3VzZXJfaWQiOiIxMiIsIl9hdXRoX3VzZXJfYmFja2VuZCI6ImRqYW5nby5jb250cmliLmF1dGguYmFja2VuZHMuTW9kZWxCYWNrZW5kIiwiX2F1dGhfdXNlcl9oYXNoIjoiMDcyYzllMTk5MTZhZjY0MmY0ODJiYzM1ZWFlZTBkMWU1MTFiM2U2NyIsIl9zZXNzaW9uX2V4cGlyeSI6MTIwOTYwMH0=	2020-06-06 17:16:28.45871+00
iiksveh1h6h7n8ed021lleiwsmcnzdyf	MGY4ZmZmMDQ5NDIxM2NkZjAyYTZjMjk4NzRiZTNiNGE2NTEzNzU0NTp7Il9hdXRoX3VzZXJfaWQiOiIxMiIsIl9hdXRoX3VzZXJfYmFja2VuZCI6ImRqYW5nby5jb250cmliLmF1dGguYmFja2VuZHMuTW9kZWxCYWNrZW5kIiwiX2F1dGhfdXNlcl9oYXNoIjoiMDcyYzllMTk5MTZhZjY0MmY0ODJiYzM1ZWFlZTBkMWU1MTFiM2U2NyIsIl9zZXNzaW9uX2V4cGlyeSI6MH0=	2020-06-16 23:45:16.698491+00
fqeugcs2bbxdqo2vvb3psau0it23bkpu	OWFkYzQ3Y2VjNDRmYWJlNWQyYjE1YjNmNWY4ZWYyZjY2MTYwYmU2YTp7Il9hdXRoX3VzZXJfaWQiOiIxMiIsIl9hdXRoX3VzZXJfYmFja2VuZCI6ImFsbGF1dGguYWNjb3VudC5hdXRoX2JhY2tlbmRzLkF1dGhlbnRpY2F0aW9uQmFja2VuZCIsIl9hdXRoX3VzZXJfaGFzaCI6IjA3MmM5ZTE5OTE2YWY2NDJmNDgyYmMzNWVhZWUwZDFlNTExYjNlNjciLCJfc2Vzc2lvbl9leHBpcnkiOjB9	2020-10-07 18:31:17.850859+00
ksigzsqcj2m1ioak1hhsnyecni9s5i70	M2I0NWM1MWIwMmNmM2UyMzM0YjUwMDZkOTViZjEwNTNjNzBmN2ZjYTp7Il9hdXRoX3VzZXJfaWQiOiIxNCIsIl9hdXRoX3VzZXJfYmFja2VuZCI6ImRqYW5nby5jb250cmliLmF1dGguYmFja2VuZHMuTW9kZWxCYWNrZW5kIiwiX2F1dGhfdXNlcl9oYXNoIjoiZDkxZGExOTA2ZTE4MjkzZDQzMzllMTUxNzY0YjEzOTQ5MDE5NzQ4OSIsIl9zZXNzaW9uX2V4cGlyeSI6MH0=	2021-01-20 15:21:39.619231+00
\.


--
-- Data for Name: django_site; Type: TABLE DATA; Schema: public; Owner: yllorca
--

COPY public.django_site (id, domain, name) FROM stdin;
1	ecogestionambiental.cl	ecogestionambiental.cl
\.


--
-- Data for Name: home_certificacion; Type: TABLE DATA; Schema: public; Owner: yllorca
--

COPY public.home_certificacion (id, nombre_certificacion, img, publicado, pdf_file) FROM stdin;
2	SMA	certificacion/2/2_7HP7Nns.jpg	f	
1	IAS AA 788	certificacion/1/1_z05LQZN.png	t	pdf/1/1_8ov18av.pdf
3	Repo	certificacion/3/3_NwqutpV.jpg	t	pdf/3/3_SsoyKCC.pdf
8	INN	certificacion/8/8.png	t	pdf/8/8.pdf
\.


--
-- Data for Name: home_contacto; Type: TABLE DATA; Schema: public; Owner: yllorca
--

COPY public.home_contacto (id, nombre_completo, email, fono, mensaje, fecha, tema) FROM stdin;
61	Lily Marlene Bolzan caraballo	lb@envirolab.cl	969085965	Requiero cotizacion para arriendo de equipo ctdo , TENDRÁN disponibilidad para mañana? se devolveria el dia jueves en la mañana.\r\nGracias\r\nAtte	2020-05-12 19:58:33.425452+00	3
9	Evelyn Amestoy cabezas	evelyn.amestoy@gmail.com	996424534	Buen día, necesito realizar 14 muestreos de agua de ríos desde Victoria hasta Lanco. Muestreos de tipo químico, físico y microbiológico.\r\n\r\n\r\nFavor enviar cotizacion de los servicios que tienen. \r\nGracias	2020-02-28 13:42:02.826832+00	\N
10	Giselle araya moya	giselle.araya@gmail.com	998376432	Hola, he enviado un mensaje hace al menos 2 semanas, solicitanto contactarme y a la fecha no ha sido respondido, no sé si porque no funciona este formulario o por falta de interés.\r\nagradeceré al menos un acuse de recibo.	2020-02-29 18:03:10.60618+00	\N
71	Victoria Caroca	victoria.carocam@gmail.com	951497505	Junto con saludar, quisiera cotizar análisis de laboratorio para un Plan de vigilancia Ambiental (PVA) para 2 muestras en la comuna de Talcahuano las que deben contener.\r\n1. Parámetros Físico – Químico y Microbiológicos de la Columna de Agua, en niveles subsuperficial y a 1 m sobre el fondo marino.\r\n2. - Comunidades Biológicas, entendiendo como el análisis de abundancia y biomasa de las comunidades macrobentónicas submareales\r\n3. Parámetros Granulométricos Sedimentos Submareales,  \r\n4. Parámetros Físicos y Químicos de Sedimentos Submareales, parámetros a determinar:\r\nTemperatura \r\n\r\nDensidad\r\npH\r\nsalinidad\r\nOxígeno disuelto\r\nTransparencia\r\nAceites y grasas\r\nColiformes fecales\r\nColiformes totales\r\nDBO5\r\nHidrocarburos totales\r\nSólidos disueltos totales\r\nSólidos suspendidos totales\r\nSólidos sedimentables totales\r\nAmonio\r\nArsénico\r\nCadmio\r\nCinc\r\nCloruros\r\nCromo total\r\nCobre\r\nFluoruros\r\nFósforo Total\r\nHierro\r\nMercurio\r\nMolibdeno\r\nNitrógeno Total\r\nNitritos\r\nNitratos\r\nNíquel\r\nPlomo\r\nSulfatos\r\nSulfuros\r\nVanadio\r\nCianuro\r\nBromuros  \r\n\r\nSe solicita considerar muestreo. Agradeciendo su pronta respuesta.\r\n\r\nSaludos Cordiales	2020-05-20 13:56:29.458928+00	3
77	camila andrea almuna silva	almunasilva.c@gmail.com	987871895	Estimados ecogestión ambiental:\r\n\r\nRecientemente he finalizado mis estudios en Ingeniería ambiental en la Universidad de Concepción. Las áreas de conocimiento impartidas por la Universidad, me han otorgado una formación multidisciplinaria, y una visión global de las ciencias medioambientales. Además de fomentar el trabajo en equipo, implicancia, compromiso y responsabilidad frente a diversas tareas.  \r\n\r\nPor lo dicho con anterioridad, busco una oportunidad laboral y experiencia en su consultora, ya que poseo las capacidades y habilidades para desarrollar diferentes tareas, especialmente en el área de recursos hídricos. Me adapto con facilidad a los cambios, soy una persona responsable, organizada, y comprensiva.\r\n\r\n\r\nHe tenido la oportunidad de realizar práctica laboral, durante 3 meses en la Planta de Masonite, ubicada en la localidad de Cabrero.\r\n\r\n\r\nAgradeciendo su atención, le saluda atentamente.\r\n\r\n\r\nCamila Andrea Almuna Silva\r\nIngeniera Ambiental\r\nUniversidad de Concepción	2020-05-25 19:41:51.702128+00	4
22	Karol fuentes Romero	karol.fuentes@tome.cl	41 2174450	QUISIERA SOLICITAR UNA COTIZACIÓN A NOMBRE LA I.MUNICIPALIDAD DE TOMÉ PARA UNA TOMADE MUESTRA Y POSTERIOR ANALISIS DE AGUA PARA CONSUMO HUMANO BAJO  LA NORMATIVA ncH 409 VIGENTE. REALIZANDO ANALISIS FISICOQUIMICO Y BACTERIOLOGICO. LA EXTRACCION SE DEBE REALIZAR EN LA LOCALIDAD DE pISSIS DE NUESTRA COMUNA EN LA RUTA O-298 A LA ALTURA DEL KM 10.500 APROXIMADAMENTE DONDE HOY EXISTE UNA SOLUCION DE ABASTECIMIENTO DE AGUA POTABLE RURAL.	2020-03-13 14:45:06.766114+00	\N
82	Angelo danilo gonzalez gonzalez	angelo.gonzalez19902014@gmail.com	+56941102802	Conocimiento en inspector de muestreo en las matrices de agua potable y aguas residuales. Amplio estudio y manejo de esquipos de monitoreo isco con medicion de caudal y ph en linea, ademas un amplio manejo de toma de muestras de agua agua potable y aguas crudas con sus respectivas mediciones en terreno	2020-05-27 19:30:15.108851+00	4
88	Spurs	jermarwell@aol.com	cross-platform	Customer	2020-06-07 19:04:20.231789+00	\N
90	bandwidth	willcom.tele@hotmail.com	Industrial	maroon	2020-06-08 22:13:52.279172+00	\N
91	Andrea saldías	a.saldias@ffcsa.cl	+56932520235	Junto con saludar, quisiera solicitar una cotización para la toma de muestra de agua (en 3 puntos diferentes) según tabla 4 del DS 90 con monitoreo no ETFA. \r\n\r\nDesde ya muchas gracias. \r\nSaludos, \r\nAtte. \r\nAndrea saldías	2020-06-08 22:24:21.475024+00	3
92	Engineer	majenreilly@gmail.com	Fresh	Response	2020-06-10 00:47:13.406183+00	\N
94	sexy	vyoumans19@hotmail.com	pixel	Trafficway	2020-06-12 06:51:17.252683+00	\N
95	Outdoors	andrea-schaufler@t-online.de	Credit Card Ac	Ergonomic Wooden Gloves	2020-06-12 09:34:57.175507+00	\N
38	Marcelo Canales Navarro	macanales@ferrovial.com	+56 9 74762951	Estimados buenas tardes.\r\n\r\nEsperando se encuentren bien, solicito algún contacto directo para cotizar un servicio de ejecución de medidas ambientales de fauna.\r\n\r\nMuchas gracias.	2020-03-30 18:10:22.253842+00	\N
55	Luis Felipe GAete Diaz	lgaete@sgasa.cl	954204168	buenas tardes,\r\n\r\njunto con saludar, les escribo debido a que requiero cotizar "lb de limnología", para una licitación que estamos participando. favor indicar correo al cual puedo solicitar la cotización lo antes posible para poder enviar, dado que la propuesta debemos entregarla a mediados de la próxima semana.\r\n\r\nSaludos\r\nLuis GAete \r\nGEstión Ambiental s.a.	2020-04-30 16:04:28.242271+00	3
89	camila andrea almuna silva	almunasilva.c@gmail.com	987871895	Estimados:\r\n\r\nRecientemente he finalizado mis estudios en Ingeniería ambiental en la Universidad de Concepción. Las áreas de conocimiento impartidas por la Universidad, me han otorgado una formación multidisciplinaria, y una visión global de las ciencias medioambientales. Además de fomentar el trabajo en equipo, implicancia, compromiso y responsabilidad frente a diversas tareas.  \r\n\r\nPor lo dicho con anterioridad, busco una oportunidad laboral y experiencia en su consultora, ya que poseo las capacidades y habilidades para desarrollar diferentes tareas, especialmente en el área de recursos hídricos. Me adapto con facilidad a los cambios, soy una persona responsable, organizada, y comprensiva.\r\n\r\n\r\nHe tenido la oportunidad de realizar práctica laboral, durante 3 meses en la Planta de Masonite, ubicada en la localidad de Cabrero.\r\nAgradeciendo su atención, le saluda atentamente.\r\n\r\nCamila Andrea Almuna Silva\r\nIngeniera Ambiental\r\nUniversidad de Concepción	2020-06-08 15:32:57.11715+00	4
93	Pamela prieto	pamela.prieto@natgreen.cl	982230283	Estimados escribo para solicitar una cotización parala  toma de muestra y analisi de los parámetros nitrato nitrito, amonio, nitrogeno total y fosforo (solicitan los nutrientes del agua)\r\n\r\n son 10 estaciones de monitoreo, las muestras de un rio de cordillerano de ñuble.\r\n\r\n\r\nestaciones el rio ñuble, cerca de san fabia de allico\r\n\r\nPunto \tNorte \tEste \r\nE1 \t286.754 \t5.940.778 \r\nE2 \t285.807 \t5.941.039 \r\nE3 \t284.583 \t5.942.427 \r\nE4 \t282.324 \t5.943.661 \r\nE5 \t282.628 \t5.943.759 \r\nE6 \t279.215 \t5.947.171 \r\nE7 \t279.271 \t5.947.354 \r\nE8 \t274.438 \t5.946.992 \r\nE9 \t273.195 \t5.948.514 \r\nE10 \t273.032 \t5.948.784 \r\n\r\n\r\nDatos de empresa\r\n\r\nGESTION AMBIENTAL Y PROYECTOS DE INGENIERIA NATGREEN SPA.\r\n\r\nRUT 76.285.284-5  \r\n\r\nGIRO: ASESORIAS AMBIENTALES\r\n\r\nDIRECCION: Av. Padre Hurtado 980 of 301\r\n\r\nNº contacto 982230283\r\nQuedo atenta a cualquie consulta\r\nsaludos	2020-06-12 05:16:12.264208+00	3
96	Auto Loan Account	jwsilvers@gmail.com	Soft	Principal	2020-06-12 12:33:58.287137+00	\N
97	Handcrafted	kathy.bachman1@yahoo.com	architectures	index	2020-06-14 20:05:35.562947+00	\N
98	Money Market Account	alexp97@optonline.net	transmitter	capacitor	2020-06-16 00:15:19.165252+00	\N
99	Optimization	sofy23@aol.com	transmitting	Enhanced	2020-06-18 10:54:50.387869+00	\N
100	Dalasi	frankwedick@yahoo.com	Colorado	Refined	2020-06-18 17:34:37.254883+00	\N
101	katherine aballay	katherine.aballay@grupo-asp.com	977393451	Buenas tardes, Quisiera hacer una cotizacion para los ensayos de materiales ( agua amasada ) para la planta de Polpaico S.a, son dos plantas una situada en mininco y la otra en la suerte, los angeles, biobio. Los ensayos que pide el mandante son los siguientes y necesito saber si ustedes hacen lo siguiente:\r\nensayos de aceite\r\nensayos de detergente\r\nensayos de color\r\nensayos de olor\r\nensayos de materia húmeda\r\nensayo alkali \r\nensayos de hidrato de carbono\r\nensayo sustancias disueltas\r\ncertificados de potabilidad del agua ( agua no de red pública, agua de amasado de hormigon)\r\nQuedo atenta a comentarios\r\nKatherine Aballay\r\nencargada de calidad NS construcciones	2020-06-18 18:00:46.72248+00	3
102	deposit	giddieup30@aol.com	Nevada	ADP	2020-06-18 20:50:32.178936+00	\N
103	help-desk	matthewsevans@charter.net	Awesome Frozen	Handmade Frozen Towels	2020-06-23 22:02:56.228826+00	\N
104	Toys	erikareser@aol.com	Architect	backing up	2020-06-25 21:41:59.564131+00	\N
105	Metal	nancyweeks10@yahoo.com	Pizza	Bhutan	2020-06-28 15:38:09.16649+00	\N
106	invoice	efritschie@hotmail.com	quantifying	Handcrafted Metal Car	2020-06-28 19:15:50.24819+00	\N
107	Table	bpanighetti@hotmail.com	indexing	Consultant	2020-06-30 05:42:00.730961+00	\N
108	cross-platform	jkruer4@twc.com	Devolved	Auto Loan Account	2020-07-02 14:29:50.074322+00	\N
109	Juan herrera	reciclampa@gmail.com	931296072	Necesito hacer un análisis de agua	2020-07-03 21:12:40.213777+00	3
110	Metal	timittner@scmaf.org	Chips	non-volatile	2020-07-06 20:32:08.693223+00	\N
111	Nelson adrian gamboa tapia	ventas.concepto01@gmail.com	991095507	BUENAS TARDES\r\nquisiera solicitar algún correo corporativo del departamento de adquisiciones o mantenimiento de su COMPAÑÍA,\r\nQuedamos atentos, saludos y mucho ÉXITO.	2020-07-07 19:01:42.867516+00	2
112	hard drive	jaygtz25@gmail.com	deposit	Technician	2020-07-08 13:32:39.472927+00	\N
113	Cindy moraga arroyo	cmoraga@valtek.cl	+56 9 39103921	Buen día.\r\nMi nombre es Cindy Moraga, ejecutiva comercial de VALTEK Diagnostics, compañía dedicada al diagnóstico y venta de insumos para laboratorios clínicos, con más de 35 años de experiencia y certificaciones ISO 13485 e ISO 9001.\r\nEl motivo de mi contacto es para comunicar que contamos con test rápidos para detección de anticuerpos IgG e IgM de COVID 19.\r\nEste test cuenta con certificaciones internacionales FDA (USA) y CE (Comunidad Europea), y a nivel nacional se encuentra en el listado comunicado por el Instituto de Salud Pública y Ministerio de Salud. La recomendación es que sea aplicado por un profesional de salud capacitado para ello.  \r\n\r\nImportancia de la detección\r\nEs importante mencionar que esta prueba no es considerada un test diagnóstico. Su mayor utilidad es detectar personas que han estado en contacto con el coronavirus, y han generado inmunidad (defensas). Por lo mismo, es muy relevante conocer dentro de la institución, si alguno de los funcionarios ha tenido contacto con el virus, sin la necesidad de desarrollar los síntomas, pudiendo ser un paciente asintomático y eventual foco de contagio.\r\nDe acuerdo a lo indicado anteriormente, quedamos a vuestra disposición en caso de requerir mayor información o alguna cotización del test.   \r\n\r\nAgradecemos su tiempo y buena disposición	2020-07-10 06:57:09.678539+00	4
114	methodical	darksheer@tuta.io	syndicate	Vision-oriented	2020-07-10 12:57:06.940743+00	\N
115	Auto Loan Account	stevep42104@gmail.com	Markets	Producer	2020-07-10 14:59:41.674969+00	\N
116	infrastructure	marjakrist60@gmail.com	New York	content	2020-07-11 21:18:53.949435+00	\N
117	hely noe torrealba	helytor@gmail.com	+56977143059	Por favor, se requiere conocer el contacto para solicitud de cotización de análisis en medio marino.	2020-07-15 22:44:11.251482+00	3
118	compressing	anne@anneryan.com	Switchable	leading-edge	2020-07-16 11:24:03.674893+00	\N
119	Soap	bryshowalter13@gmail.com	back-end	Intelligent	2020-07-16 21:29:36.790693+00	\N
120	middleware	bagboy@mindspring.com	input	compress	2020-07-16 22:04:13.50058+00	\N
121	invoice	cejudi@hotmail.fr	content-based	silver	2020-07-17 20:08:49.201637+00	\N
122	Soap	info@hiltonmgmt.com	Chair	navigating	2020-07-18 07:47:40.245929+00	\N
123	alarm	testspam@byom.de	neural-net	Realigned	2020-07-21 19:42:26.572088+00	\N
124	bi-directional	limryan@gmail.com	Clothing	flexibility	2020-07-22 21:21:10.048345+00	\N
125	Shoes	danielleg2009@yahoo.com	Accountability	grey	2020-07-25 02:16:07.294504+00	\N
126	Analyst	leannhilton@hiltonmgmt.com	architect	invoice	2020-07-26 16:39:38.761682+00	\N
127	Small	kimolguin92@gmail.com	Utah	Soft	2020-07-29 02:34:56.087492+00	\N
128	Station	gatesnd@gmail.com	Berkshire	teal	2020-07-30 03:26:59.944074+00	\N
129	withdrawal	brycebugman@gmail.com	Borders	Sleek	2020-08-01 03:30:14.969867+00	\N
130	Norwegian Krone	retail@theflagplace.com	bricks-and-cli	Savings Account	2020-08-01 11:16:35.241287+00	\N
131	SAS	waterearthairfire67@yahoo.com	Intelligent	Brazilian Real	2020-08-06 03:02:27.680605+00	\N
132	Hans garay olave	hgaray.eecc@mineravallecentral.cl	+56991396804	Requiero muestreo y ANÁLISIS de suelos. para mayor información favor contactar.	2020-08-06 21:42:34.531553+00	3
133	Buckinghamshire	info@spornia.com	Technician	Accounts	2020-08-07 18:50:42.80635+00	\N
134	Tomas Perez Arancibia	tomas.perez@pya.cl	957984548	Junto con saludar, consultamos si su empresa está certificada para la toma de muestra de agua de mar (ETFA)\r\n \r\n \r\nDe ser afirmativo, solicitamos puedan generar una cotización por “análisis toma de muestra de agua de mar”. para nuestro proyecto ubicado en mejillones.\r\n \r\nQuedamos atentos a su respuesta y en caso de cualquier consulta técnica y/o administrativa no dude en contactarnos.\r\n \r\nSaludos cordiales.	2020-08-10 12:26:35.830276+00	3
135	Home Loan Account	leannhilton@hiltonmgmt.com	capacitor	copy	2020-08-13 15:34:32.433326+00	\N
136	dynamic	roger.ethier@outlook.com	eco-centric	Bedfordshire	2020-08-15 02:57:39.404123+00	\N
137	schemas	matthewmcelligott@yahoo.com	migration	withdrawal	2020-08-16 02:33:50.430018+00	\N
138	card	dlueken@suddenlink.net	parsing	matrix	2020-08-18 07:08:36.486573+00	\N
139	Alessandra Ampuero melo	ampueromelo@gmail.com	979942802	A quién corresponda:\r\nJunto con saludarle, me dirijo a ud. con el propósito de dar a conocer mi disponibilidad para trabajar en su empresa como Ingeniera Ambiental. Aún no poseo experiencia laboral en gestión ambiental, no obstante, he trabajado por más de dos años en el área administrativa y comercial de una empresa.\r\nAnte cualquier requerimiento estaré atenta a través de mi correo electrónico\r\nAgradeciendo su atención\r\nSe despide cordialmente\r\n\r\nAlessandra Ampuero M.\r\nIngeniera Ambiental	2020-08-19 00:33:56.778787+00	4
140	maria claudia escalona ortiz	claudia.escalona@security.cl	974528531	Buenas tardes, me PRESENTO , soy ejecutiva del factoring security y le he estado llamando para ofrecer una linea de financiamiento muy atractiva por tasa y rapidez. si estuviera interesado me PODRÍA dar un fono de contacto para que podamos conversar. Muchas gracias \r\nClaudia Escalona Ortiz	2020-08-19 20:01:36.05366+00	4
141	logistical	lucia.weve@settleservice.com	cultivate	Berkshire	2020-08-20 07:30:51.212999+00	\N
142	e-commerce	leann@hiltonmgmt.com	Bedfordshire	Accounts	2020-08-22 08:20:01.854006+00	\N
143	capability	15125684548@mms.cricketwireless.net	orchestration	Unions	2020-08-22 13:37:53.284253+00	\N
144	Bermudian Dollar (customarily known as Bermuda Dollar)	mmurray3@fordham.edu	Program	copy	2020-08-24 22:04:00.682231+00	\N
145	compelling	leannhilton@hiltonmgmt.com	Avon	deposit	2020-08-28 13:12:05.292874+00	\N
146	wireless	tyrensis22@yahoo.com	frictionless	Chicken	2020-09-02 23:40:56.705156+00	\N
147	Horizontal	sfuriga@hotmail.com	matrix	Sports	2020-09-03 09:19:22.865376+00	\N
148	claudia Verdugo	claudia.verdugo@ingenat.cl	+56998851384	Solicito por favor cotizar un estudio de modelacion de pluma de descarga para un proyecto de una piscicultra ubicada en el sector las quemas en puerto montt con descarga en el río Maullín\r\nquedo atenta a su pronta respuesta	2020-09-03 13:15:51.706501+00	3
149	Hat	6789108407@txt.att.net	Granite	Practical	2020-09-05 16:53:50.540085+00	\N
150	Supervisor	cut5403@gmail.com	Wooden	Egypt	2020-09-07 16:59:33.149224+00	\N
151	Gabriela Fernández Sereño	gabrielafersere@gmail.com	+569 99517271	Buenas tardes, mi nombre es Gabriela Fernández, soy Ingeniera Ambiental y me encantaría trabajar con ustedes, por favor me podrian enviar una dirección de correo electrónico para enviar mi CV en caso de que exista alguna oferta laboral. \r\nDe antemano muchas \r\nSaluda atentamente \r\nGabriela Fernández	2020-09-07 21:37:47.238551+00	4
152	Christopher Hope Cienfuegos	christopher.hope@ostimar.cl	56977403053	Estimados, junto con saludar quisiera cotizar la realización de un Programa de vigilancia ambiental de la rca: "Emisario submarino bahía tongoy" ID:1706948 , perteneciente a la empresa ostimar s.a. , el pva anterior realizado en 2018 fue preparado por ecogestión. Junto con la cotización sería importante poder señalar plazo estimado para poder ejecutar el servicio, de manera de tener presente un horizonte de tiempo.\r\n\r\nSaludos	2020-09-08 11:47:54.054922+00	3
153	Credit Card Account	plenthoratavora@gmail.com	Arizona	indigo	2020-09-15 01:36:39.796401+00	\N
154	North Dakota	louisewashburn@gmail.com	moratorium	synthesize	2020-09-15 14:34:22.538435+00	\N
155	payment	annmbento@gmail.com	copy	leverage	2020-09-17 09:47:21.635014+00	\N
156	Sebastián esteban cárdenas sáez	sebastian.cardenas@alumnos.uv.cl	958454733	Buenas Tardes.\r\nsoy estudiante de 4to año Ingeniería Ambiental de la Universidad de Valparaíso, y ando en búsqueda de alguna empresa en donde realizar mi práctica profesional para este verano. Es por eso que quiero consultar si admiten practicantes, o si es que hay un proceso de postulación al que pueda ingresar para poder iniciar los trámites correspondientes.\r\nDe antemano muchas gracias	2020-09-21 20:24:58.048402+00	4
157	SMTP	michellegloss@yahoo.com	neural-net	silver	2020-09-22 12:22:00.443929+00	\N
158	Fork	tmcduffy2@gmail.com	core	Handcrafted Rubber Keyboard	2020-09-24 11:31:16.781896+00	\N
159	wireless	maribelpabon0122@gmail.com	copy	Borders	2020-09-24 16:43:41.626791+00	\N
160	Kansas	frwaslaski@aol.com	Security	Generic Rubber Chair	2020-09-26 12:49:08.549565+00	\N
161	diego abarza	diego.abarza@gmail.com	994484826	Requiero una cotización por el estudio de aguas, para una puntera, para ser presentado en el servicio de salud CONCEPCION.\r\nLa propiedad se encuentra ubicada en Copiulemu al costado de la Ruta 146 camino a Cabreo.	2020-10-01 21:31:08.168738+00	3
162	Enio Alfonso diaz Rodriguez	enio.alfonso.t@gmail.com	56935825344	Buenas tardes, \r\n\r\nA través de la presente, me tomo el atrevimiento para ofrecer mis conocimientos y habilidades como ingeniero civil (cálculos estructurales, diseño de planos, toma de muestras, ensayos destructivos y no destructivos, hidráulica, HIDROLOGÍA, ingeniería ambiental) egresado en 2018, en Venezuela. Actualmente, vivo en Iquique y estoy en búsqueda de trabajo referente a cualquier rama de mi area, sea cual sea el cargo. Poseo estabilidad migratoria, documentos appstillados, rut, disponibilidad de viajar, cambio de residencia, etc. Saludos y feliz dia.	2020-10-02 22:51:13.596835+00	4
163	Hat	5129819640@vtext.com	payment	bandwidth	2020-10-06 14:39:19.106631+00	\N
164	panel	mg_norris@yahoo.com	Liaison	Orchestrator	2020-10-06 19:37:44.421262+00	\N
165	overriding	glazekarn@gmail.com	Bedfordshire	optical	2020-10-07 15:31:52.532765+00	\N
166	Incredible	jess.hamilton18@gmail.com	redundant	Data	2020-10-08 10:03:05.974061+00	\N
167	systems	xxunknowngurlxx@aol.com	Producer	Nebraska	2020-10-09 04:09:52.988886+00	\N
168	Reactive	deannalynn1818@gmail.com	middleware	alarm	2020-10-14 20:01:53.4897+00	\N
169	firewall	5129819640@vtext.com	Optimization	Borders	2020-10-15 06:06:41.186537+00	\N
170	initiatives	5129819640@vtext.com	Lempira	EXE	2020-10-15 16:08:45.24496+00	\N
171	South Dakota	steph.bennett16@gmail.com	Haven	Realigned	2020-10-16 09:01:33.393863+00	\N
172	contextually-based	riley1966@yahoo.com	high-level	yellow	2020-10-18 12:49:33.0358+00	\N
173	Awesome	resalee4u@gmail.com	eco-centric	Data	2020-10-19 21:32:05.357783+00	\N
174	Nicolás Alberto Labraña Santana	nlabrana88@gmail.com	+56945046579	Estimados, Soy técnico Nivel superior en medioambiente, experiencia comprobable en fiscalización ambiental en sector público y apoyo en gestión ambiental local, escribo para ver posibilidades de empleo en su empresa, quedo atento a sus comentarios y a un correo para poder hacerles llegar mi Cv.\r\nagradecido de antemano	2020-10-20 02:33:47.432166+00	4
175	Forge	support@kushstation.co	Synchronised	parallelism	2020-10-22 05:44:18.111467+00	\N
176	Markets	support@pacificgrass.co	Visionary	applications	2020-10-26 11:22:30.239965+00	\N
177	quantify	heartattack1@yahoo.com	adapter	magenta	2020-10-26 15:26:41.213535+00	\N
178	B2C	charlescavallaro@gmail.com	Keyboard	reintermediate	2020-10-27 15:14:51.390855+00	\N
179	oscar andres trujillo baltra	oscar.trujillo@ucn.cl	993422516	Hola necesito me coticen una caracterización preliminar de sitio en tongoy. nos lo solicita la Subsecretaria de pesca y acuicultura, para que nos autoricen un poligono de 5,6 hectareas para producir ostión del norte, piure y ostra japonesa, en un acuicultura en area de manejo,  al interior de la amerb Tongoy.\r\n\r\nQuedo atento a sus comentarios y consultas.	2020-10-27 20:18:21.837548+00	3
180	matrix	clarviso@aol.com	Industrial	Central	2020-10-28 00:48:53.176529+00	\N
181	deposit	schmitzad@yahoo.com	upward-trendin	bus	2020-10-28 09:58:10.583501+00	\N
182	holistic	leannhilton@hiltonmgmt.com	Checking Accou	definition	2020-10-29 11:00:24.718012+00	\N
183	Zambia	payments@raindropsco.com	Stand-alone	Security	2020-10-30 14:38:01.880064+00	\N
184	Gorgeous Concrete Cheese	info@hiltonmgmt.com	District	Vietnam	2020-10-31 07:44:11.122305+00	\N
185	RAM	bwalsh@allbridge.com	back-end	Home Loan Account	2020-11-02 05:22:06.759292+00	\N
186	Joaquin Sanhueza Henriquez	joaquinsanbm@gmail.com	995191583	Muy buenas, ando en busca de empleo, soy biologo marino con experiencia en muestreo de microalgas y en muestreos de arina de origen animal, por si hay alguna vacante, de  antemano gracias.	2020-11-03 22:55:26.01788+00	4
187	Technician	pokrovitelgtxusa@gmail.com	synthesize	Station	2020-11-04 07:06:15.383423+00	\N
188	Sleek	greenleafexpresscanada@gmail.com	card	Facilitator	2020-11-04 21:11:28.259795+00	\N
189	ubiquitous	bmireles5@austin.rr.com	Investor	Money Market Account	2020-11-05 09:51:52.275208+00	\N
190	Bedfordshire	ramona.m@comcast.net	Vanuatu	technologies	2020-11-06 09:44:16.628989+00	\N
191	Soft	rbnstrtvnt@aol.com	Bedfordshire	Movies	2020-11-06 14:12:11.892838+00	\N
192	axel arancibia gallardo	Axel.arancibia@cjr-renewables.com	+56931894254	Estimada(o);\r\n \r\nBuenos días, me presento Soy Axel Arancibia Encargado de Medio Ambiente de Empresa CJR Renewables de PE RENAICO II, Comuna de Renaico. \r\n \r\nFavor, solicito cotización para muestreo mensual, en PTAS, de parámetros del DS N°46 incluyendo los siguientes 6 parámetros correspondientes a NCH 1333;\r\n \r\n•\tDBO(5) \r\n•\tNKT\r\n•\tSST\r\n•\tPT\r\n•\tColiformes fecales\r\n•\tConductividad\r\n \r\nEl muestreo debe ser ETFA y muestreo Puntual.\r\n \r\nAdemás solicito otra cotización para muestreo de parámetros en estanque de agua potable de acuerdo a NCH 409/1 , muestreo puntual en PE Renaico II.\r\n \r\n \r\nQuedo atento. \r\n \r\nSaludos.	2020-11-06 21:50:04.733511+00	3
193	back-end	rnduffy2@gmail.com	Keyboard	strategic	2020-11-07 00:47:01.714768+00	\N
194	solid state	cjkorst@tx.rr.com	relationships	Clothing	2020-11-11 11:13:41.922134+00	\N
195	Mouse	smilegirl1100@hotmail.com	Rubber	Louisiana	2020-11-17 04:31:43.536976+00	\N
196	synergize	laurajocost23@gmail.com	Plastic	synthesize	2020-11-21 02:33:50.087034+00	\N
197	NICOLE ANDREA ANABALÓN MUÑOZ	nicole.anabmuz@gmail.com	958890965	Estimados. \r\njunto con saludar, esperando se encuentren bien, les escribo por este medio para solicitar información.\r\nQuisiera saber si ustedes realizan estudios de analisis de agua bacteriologico y fisico-quimico requerido para presentación de proyecto de solución particular de agua potable ante la seremi de salud. DESDE YA SABER SI LO REALIZA, SUS VALORES Y DISPONIBILIDAD\r\nEsto sería en sector rural de la comuna de san rosendo.\r\n\r\nRUEGO CONTACTAR POR CORREO ELECTRÓNICO.\r\nmUCHAS GRACIAS.	2020-11-24 20:00:30.010387+00	3
198	hard drive	ktm2005450@yahoo.com	secondary	Cambridgeshire	2020-11-27 09:08:06.606921+00	\N
199	P1SLJIVD	info@domainworld.com	I48B9N4L	IMPORTANCE NOTICE\r\n\r\n\r\n\r\nNotice#: 491343\r\n\r\nDate: 2020-11-29    \r\n\r\n\r\n\r\nExpiration message of your ecogestionambiental.cl\r\n\r\n\r\n\r\nEXPIRATION NOTIFICATION\r\n\r\n\r\n\r\nCLICK HERE FOR SECURE ONLINE PAYMENT: https://domainsafenow.com/?n=ecogestionambiental.cl&r=a&t=1606544608&p=v1\r\n\r\n\r\n\r\nThis purchase expiration notification ecogestionambiental.cl advises you about the submission expiration of domain ecogestionambiental.cl for your e-book submission. \r\n\r\nThe information in this purchase expiration notification ecogestionambiental.cl may contains CONFIDENTIAL AND/OR LEGALLY PRIVILEGED INFORMATION from the processing department from the processing department to purchase our e-book submission. NON-COMPLETION of your submission by the given expiration date may result in CANCELLATION of the purchase.\r\n\r\n\r\n\r\nCLICK HERE FOR SECURE ONLINE PAYMENT: https://domainsafenow.com/?n=ecogestionambiental.cl&r=a&t=1606544608&p=v1\r\n\r\n\r\n\r\nACT IMMEDIATELY. The submission notification ecogestionambiental.cl for your e-book will EXPIRE WITHIN 2 DAYS after reception of this email\r\n\r\n\r\n\r\nThis notification is intended only for the use of the individual(s) having received this message. \r\n\r\n\r\n\r\nPLEASE CLICK ON SECURE ONLINE PAYMENT TO COMPLETE YOUR PAYMENT\r\n\r\n\r\n\r\nSECURE ONLINE PAYMENT: https://domainsafenow.com/?n=ecogestionambiental.cl&r=a&t=1606544608&p=v1\r\n\r\n\r\n\r\nNon-completion of your submission by given expiration date may result in cancellation.\r\n\r\n\r\n\r\nAll online services will be restored automatically upon confirmation of payment. Delivery will be completed within 24 hours. \r\n\r\n\r\n\r\nCLICK UNDERNEATH FOR IMMEDIATE PAYMENT:\r\n\r\n\r\n\r\nSECURE ONLINE PAYMENT: https://domainsafenow.com/?n=ecogestionambiental.cl&r=a&t=1606544608&p=v1	2020-11-28 06:23:31.228755+00	1
200	Engineer	mere1walker@gmail.com	Shoes	ubiquitous	2020-11-29 10:05:41.486408+00	\N
201	CAROLINA LABRIN BRAVO	carolina.labrin@contopsa.cl	975845467	buenas tardes\r\n\r\nNecesito cotizar las siguientes mediciones \r\n\r\nmedicion de ruido segun DS38 IDENTIFICACION DE FUENTES\r\nIDENTIFICACION DE FUENTES DE EMISION DE POLVO HUMO VAPORES Y MEDIDAS DE CONTROL\r\nVIBRACION PARA MAQUINAS PORTACONTENEDOR  Y CARGA DE CONTENEDORES RECEPTORES PRINCIPALES  Y MEDIDAS DE CONTROL	2020-11-30 16:45:33.956467+00	3
202	Credit Card Account	markhutman@icloud.com	Synergistic	archive	2020-12-01 17:20:50.2113+00	\N
203	Nicolás ANDRÉS lOAYZA mORAALES	naloayza@bmciencias.ucsc.cl	+56995851488	Buenos dias Soy Biologo Marino titulado de la ucsc y me encuentro en busqueda de empleo.\r\nMe gustaria saber si estan recibiendo personal en su consultora.\r\nSaludos	2020-12-02 02:16:52.79559+00	4
204	jorge baeza robles, arquitecto	jorgebaeza01@gmail.com	998468806	solicito cotizar: analisis microbiológico de agua de poso de una posta rural, en la comuna de los angeles, provincia del biobio. posta el durazno a 24 kms este de la ciudad.	2020-12-03 18:36:06.521063+00	3
205	Nicolás ignacio uribe vidal	nicolasignacio_u@hotmail.com	945033705	Buenas tardes, soy Nicolás Uribe RUT: 19368333-9 estudiante de 5to año de la carrera de Ing. Ambiental de la Universidad de Los Lagos, Puerto Montt. Contacto con usted para ver la disponibilidad de practica profesional para el periodo de enero y febrero, los requisitos son cumplir con 180 horas para dar finalizado con la practica como también 8 horas de trabajo diarias como máximo. Esperando su pronta respuesta.\r\nSaludos cordiales.	2020-12-03 19:58:06.535516+00	4
206	Metrics	rok769@msn.com	Markets	West Virginia	2020-12-03 22:14:01.604149+00	\N
207	portals	jasonsmoller@gmail.com	discrete	CSS	2020-12-04 17:00:10.585982+00	\N
208	CONSTANZA MACARENA PANTOJA ARAVENA	conimapantoja@gmail.com	962412186	eSTIMADOS, ME PRESENTO SOY ESTUDIANTE DE LA UNIVERSIDAD SAN SEBASTIAN CURSANDO CUARTO SEMESTRE DE LA CARRERA DE INGENIERIA EN ENERGIA Y SUSTENTABILIDAD AMBIENTAL, SOLICITO POSIBILIDAD DE REALIZAR PRACTICA EN SU EMPRESA	2020-12-05 02:56:11.223336+00	4
209	Senior	vinasfam@aol.com	Unbranded Plas	Concrete	2020-12-06 01:19:56.44749+00	\N
210	Nathalie Aza	info@ferazawatertesting.com	Feraza	Hola,\r\n\r\nEspero que todo vaya bien. Se que estas ocupado/a, así que voy a ser breve.\r\nEl propósito de este correo electrónico es presentarme y presentar a Feraza Water Testing. \r\n\r\nEn Feraza Water Testing damos servicio en USA y Latinoamérica a numerosas industrias: Tratamiento de agua municipal, alimentos, bebidas, estanques y acuarios, piscinas y spas, diagnósticos educativos y médicos.\r\n\r\nCon la creciente preocupación por la calidad de los productos suministrados a los consumidores y la demanda de tiras rápidas, precisas y confiables, Feraza Water Testing reconoció esta preocupación y ofrece pruebas de calidad seguras, fáciles de usar y centrados en dos conceptos claves de fabricación:\r\nCalidad: Cada tira de prueba se fabrica en una instalación de control ambiental con pruebas exhaustivas durante todo el proceso de producción para garantizar la integridad y precisión del producto.\r\nSencillez: Simplificamos el uso para los clientes ofreciendo tiras reactivas en lugar de pruebas liquidas o en tabletas menos seguras.\r\nSi tienes la oportunidad, no dudes en pasar por nuestra página web y echar un vistazo a nuestros productos (Estamos en el proceso de seguir añadiendo todos nuestros productos a la página).\r\n\r\nhttps://www.ferazawatertesting.com/productos\r\n\r\nQuedo atenta a tus comentarios\r\n-- \r\nNathalie Aza\r\nGerenta de Cuentas Internacionales \r\nFeraza Water Testing\r\nwww.ferazawatertesting.com\r\ninfo@ferazawatertesting.com	2020-12-07 16:43:03.128829+00	4
211	Analia Troncoso	analia@ingeniocreativa.cl	+56992332012	El Mercurio realizará el suplemento especial “Tratamiento de residuos y economía circular”.\r\nCada cliente que participa con aviso publicitario es apoyado con una nota periodística. Los invitamos a ser parte de este suplemento especial.\r\n \r\nTEMAS PRINCIPALES\r\n \r\n•\tAvances e implementación de la Ley de Responsabilidad Extendida del Productor y Fomento al Reciclaje (REP).\r\n•\tLey de fomento al reciclaje.\r\n•\tEconomía circular: definiendo que es el crecimiento y minimizar el impacto a través del tratamiento de los residuos.\r\n•\tLos residuos, su tratamiento y la generación de nuevas energías.\r\n•\tServicios de tratamiento de residuos industriales (RISES Y RILES)\r\n•\tTransporte, tratamiento, almacenamiento e inertización de residuos industriales peligrosos.\r\n•\tAvances\r\n•\tNotas periodísticas de sector gobierno, gremios y entorno académico.\r\n•\tNotas periodísticas de clientes\r\n \r\nRESERVA DE ESPACIOS HASTA 11 DE DICIEMBRE\r\nPUBLICA 22 DE DICIEMBRE\r\n\r\nSaludos cordiales \r\nAnalía Troncoso\r\n+569 9233 2012	2020-12-09 20:39:18.134434+00	4
212	Technician	Aryanna15@gmail.com	Latvia	Regional	2020-12-10 07:05:19.765265+00	\N
213	Niger	gopri57@gmail.com	optical	Direct	2020-12-10 15:15:44.632407+00	\N
214	Tunisian Dinar	vicky.phan@live.ca	index	neural	2020-12-14 12:19:30.27753+00	\N
215	Diego Ignaico Rivera Derpich	diego.rivera.derpich@gmail.com	+56979797593	Estimados\r\nMe llamo Diego Rivera Derpich, estudiante de 4to año en Ingeniería en Biotecnología en la Universidad Andrés Bello, me encuentro buscando práctica profesional para los meses de enero-febrero-marzo con la posibilidad de tener una conversación de extensión para realizar un proyecto-memoria de título (tesis).\r\nEn caso de contar con algún cupo agradecería mucho la oportunidad, sin embargo comprendo completamente la situación actual del país y las medidas sanitarias.\r\nDe no ser este el correo al cual debo dirigirme para la solicitud ruego que pued	2020-12-14 16:19:35.470596+00	4
216	Pedro Hernan Cabrera Garcia	pedrocabreraudec@gmail.com	977001579	Estimados:\r\n\r\nJunto con saludar, me presento, soy Pedro Cabrera García, Biologo Marino de la Universidad de Concepción y quisiera solicitar algún medio de contacto para postular al cargo de analista en biologia marina en la zona de chiguayante. quedo atento a cualquier respuesta para facilitarles mi CV y la información laboral y profesional necesaria. Saludos cordiales.	2020-12-15 18:03:12.456067+00	4
217	Representative	dawnm.villacci@yahoo.com	Consultant	Cotton	2020-12-16 04:55:51.015589+00	\N
218	Electronics	lc92054@gmail.com	disintermediat	Pizza	2020-12-19 15:57:05.689287+00	\N
219	Burkina Faso	stuartwhite1985@gmail.com	Technician	optical	2020-12-20 03:44:17.040201+00	\N
220	Wooden	nsecurityusa@protonmail.com	Regional	Road	2020-12-30 11:03:49.358316+00	\N
221	Daniela elena pavez igor	daniielahelena@gmail.com	+56930566015	Buenos días, junto con saludar, mi nombre es Daniela Pavez, estudiante de Ingeniería Ambiental de la Universidad de los Lagos de puerto montt, el motivo de mi consulta es saber si en su Consultora aceptan estudiantes que realicen práctica profesional y si es así qué requisitos piden.  Me encuentro cursando mi último semestre académico, por lo que me encuentro en búsqueda de mi práctica profesional por una duración de 180 horas, la que tiene posibilidades de extenderse. Cuento con competencias de normativa ambiental vigente,resolución de problemas ambientales considerando diferentes perspectivas que apuntan al desarrollo sustentable. Como también, de conocimientos de uso de software como Arcgis, Depomod, ScreenView y manejo de idioma inglés.\r\n\r\n Esperando su pronta respuesta desde ya muchas gracias.\r\nDaniela pavez igor	2020-12-31 11:54:53.195598+00	4
222	sensor	horacek@sibdesign.de	Multi-channell	connect	2021-01-06 03:39:48.794238+00	\N
223	black	giorgio.balbusso@advantech.it	Computer	synthesizing	2021-01-06 11:26:40.033044+00	\N
224	Savings Account	trs0923@gmail.com	Checking Accou	matrix	2021-01-08 01:41:34.069638+00	\N
\.


--
-- Data for Name: home_equipo; Type: TABLE DATA; Schema: public; Owner: yllorca
--

COPY public.home_equipo (id, nombre_completo, cargo, url_twitter, url_linkedin, img, publicado) FROM stdin;
\.


--
-- Data for Name: home_servcio; Type: TABLE DATA; Schema: public; Owner: yllorca
--

COPY public.home_servcio (id, nombre, slug, categoria, descripcion, img, publicado) FROM stdin;
1	Laboratorio de Ensayos	laboratorio-de-ensayos	4	<p>Granulometr&iacute;a (INN-ETFA) Materia org&aacute;nica total (INN-ETFA) Macrofauna bent&oacute;nica (INN) Muestreo Granulometr&iacute;a y Mot (INN-ETFA) Medici&oacute;n in situ temperatura, pH y redox en sedimentos marinos y lacustres (INN-ETFA) Plancton (Fito y Zoo) Perifiton Didymo</p>	servicios/1/1_4GTlAaZ.jpg	t
3	Estudio de linea Base	estudio-de-linea-base	2	<p>Estudios completos de línea base marino componente físico, químico y biológico. Corrientes eurelianas y lagrangianas, rodamina WT, mareas, vientos.</p>	servicios/3/3_4cT8nrQ.jpg	t
4	Estudios Limnologicos	estudios-limnologicos	2	<p>Caracterización cuerpos de agua lacustres y fluviales. Muestreo calidad de agua, sedimentos, fauna íctica, fito y perifiton, macroinvertebrados, etc.</p>	servicios/4/4_1IrG5Ks.jpg	t
5	Vigilancia Ambiental	vigilancia-ambiental	1	<p>Programas de Vigilancia Ambiental marinos lacustres y terrestres, asociados a una Resoluci&oacute;n de Calificaci&oacute;n Ambiental (RCA). Con Inspectores Ambientales (IA) autorizados SMA.</p>	servicios/5/5_77t5vMr.jpg	t
6	Monitoreos de RILES	monitoreos-de-riles	3	<p>Muestreo de RILES con equipo autom&aacute;tico, convenio muestreo con ETFA e IA</p>\r\n<p>&nbsp;</p>		f
\.


--
-- Data for Name: informe_informe; Type: TABLE DATA; Schema: public; Owner: yllorca
--

COPY public.informe_informe (id, nombre_informe, tipo_informe, fecha_muestreo, fecha_recepcion, pdf_file, fecha_publicacion, publicado, cliente_id) FROM stdin;
8	Inform prueba	1	2020-09-12	2020-09-13	informes/8/8.pdf	2020-09-14	t	26
9	Informe prueba 2	2	2020-09-12	2020-09-13	informes/9/9.pdf	2020-09-14	t	26
\.


--
-- Data for Name: reclamo_reclamo; Type: TABLE DATA; Schema: public; Owner: yllorca
--

COPY public.reclamo_reclamo (id, tipo_solicitud, estado, categoria, texto, fecha_ingreso, cliente_id) FROM stdin;
\.


--
-- Data for Name: reclamo_respuesta; Type: TABLE DATA; Schema: public; Owner: yllorca
--

COPY public.reclamo_respuesta (id, detalle_respuesta, fecha_respuesta, reclamo_id, usuario_interno_id) FROM stdin;
\.


--
-- Data for Name: socialaccount_socialaccount; Type: TABLE DATA; Schema: public; Owner: yllorca
--

COPY public.socialaccount_socialaccount (id, provider, uid, last_login, date_joined, extra_data, user_id) FROM stdin;
\.


--
-- Data for Name: socialaccount_socialapp; Type: TABLE DATA; Schema: public; Owner: yllorca
--

COPY public.socialaccount_socialapp (id, provider, name, client_id, secret, key) FROM stdin;
\.


--
-- Data for Name: socialaccount_socialapp_sites; Type: TABLE DATA; Schema: public; Owner: yllorca
--

COPY public.socialaccount_socialapp_sites (id, socialapp_id, site_id) FROM stdin;
\.


--
-- Data for Name: socialaccount_socialtoken; Type: TABLE DATA; Schema: public; Owner: yllorca
--

COPY public.socialaccount_socialtoken (id, token, token_secret, expires_at, account_id, app_id) FROM stdin;
\.


--
-- Name: account_emailaddress_id_seq; Type: SEQUENCE SET; Schema: public; Owner: yllorca
--

SELECT pg_catalog.setval('public.account_emailaddress_id_seq', 32, true);


--
-- Name: account_emailconfirmation_id_seq; Type: SEQUENCE SET; Schema: public; Owner: yllorca
--

SELECT pg_catalog.setval('public.account_emailconfirmation_id_seq', 1, false);


--
-- Name: auth_group_id_seq; Type: SEQUENCE SET; Schema: public; Owner: yllorca
--

SELECT pg_catalog.setval('public.auth_group_id_seq', 2, true);


--
-- Name: auth_group_permissions_id_seq; Type: SEQUENCE SET; Schema: public; Owner: yllorca
--

SELECT pg_catalog.setval('public.auth_group_permissions_id_seq', 1, false);


--
-- Name: auth_permission_id_seq; Type: SEQUENCE SET; Schema: public; Owner: yllorca
--

SELECT pg_catalog.setval('public.auth_permission_id_seq', 60, true);


--
-- Name: auth_user_groups_id_seq; Type: SEQUENCE SET; Schema: public; Owner: yllorca
--

SELECT pg_catalog.setval('public.auth_user_groups_id_seq', 51, true);


--
-- Name: auth_user_id_seq; Type: SEQUENCE SET; Schema: public; Owner: yllorca
--

SELECT pg_catalog.setval('public.auth_user_id_seq', 56, true);


--
-- Name: auth_user_user_permissions_id_seq; Type: SEQUENCE SET; Schema: public; Owner: yllorca
--

SELECT pg_catalog.setval('public.auth_user_user_permissions_id_seq', 1, false);


--
-- Name: cliente_cliente_id_seq; Type: SEQUENCE SET; Schema: public; Owner: yllorca
--

SELECT pg_catalog.setval('public.cliente_cliente_id_seq', 49, true);


--
-- Name: django_admin_log_id_seq; Type: SEQUENCE SET; Schema: public; Owner: yllorca
--

SELECT pg_catalog.setval('public.django_admin_log_id_seq', 137, true);


--
-- Name: django_content_type_id_seq; Type: SEQUENCE SET; Schema: public; Owner: yllorca
--

SELECT pg_catalog.setval('public.django_content_type_id_seq', 20, true);


--
-- Name: django_migrations_id_seq; Type: SEQUENCE SET; Schema: public; Owner: yllorca
--

SELECT pg_catalog.setval('public.django_migrations_id_seq', 28, true);


--
-- Name: django_site_id_seq; Type: SEQUENCE SET; Schema: public; Owner: yllorca
--

SELECT pg_catalog.setval('public.django_site_id_seq', 1, true);


--
-- Name: home_certificacion_id_seq; Type: SEQUENCE SET; Schema: public; Owner: yllorca
--

SELECT pg_catalog.setval('public.home_certificacion_id_seq', 8, true);


--
-- Name: home_contacto_id_seq; Type: SEQUENCE SET; Schema: public; Owner: yllorca
--

SELECT pg_catalog.setval('public.home_contacto_id_seq', 224, true);


--
-- Name: home_equipo_id_seq; Type: SEQUENCE SET; Schema: public; Owner: yllorca
--

SELECT pg_catalog.setval('public.home_equipo_id_seq', 8, true);


--
-- Name: home_servcio_id_seq; Type: SEQUENCE SET; Schema: public; Owner: yllorca
--

SELECT pg_catalog.setval('public.home_servcio_id_seq', 8, true);


--
-- Name: informe_informe_id_seq; Type: SEQUENCE SET; Schema: public; Owner: yllorca
--

SELECT pg_catalog.setval('public.informe_informe_id_seq', 9, true);


--
-- Name: reclamo_reclamo_id_seq; Type: SEQUENCE SET; Schema: public; Owner: yllorca
--

SELECT pg_catalog.setval('public.reclamo_reclamo_id_seq', 8, true);


--
-- Name: reclamo_respuesta_id_seq; Type: SEQUENCE SET; Schema: public; Owner: yllorca
--

SELECT pg_catalog.setval('public.reclamo_respuesta_id_seq', 7, true);


--
-- Name: socialaccount_socialaccount_id_seq; Type: SEQUENCE SET; Schema: public; Owner: yllorca
--

SELECT pg_catalog.setval('public.socialaccount_socialaccount_id_seq', 1, false);


--
-- Name: socialaccount_socialapp_id_seq; Type: SEQUENCE SET; Schema: public; Owner: yllorca
--

SELECT pg_catalog.setval('public.socialaccount_socialapp_id_seq', 1, false);


--
-- Name: socialaccount_socialapp_sites_id_seq; Type: SEQUENCE SET; Schema: public; Owner: yllorca
--

SELECT pg_catalog.setval('public.socialaccount_socialapp_sites_id_seq', 1, false);


--
-- Name: socialaccount_socialtoken_id_seq; Type: SEQUENCE SET; Schema: public; Owner: yllorca
--

SELECT pg_catalog.setval('public.socialaccount_socialtoken_id_seq', 1, false);


--
-- Name: account_emailaddress account_emailaddress_email_key; Type: CONSTRAINT; Schema: public; Owner: yllorca
--

ALTER TABLE ONLY public.account_emailaddress
    ADD CONSTRAINT account_emailaddress_email_key UNIQUE (email);


--
-- Name: account_emailaddress account_emailaddress_pkey; Type: CONSTRAINT; Schema: public; Owner: yllorca
--

ALTER TABLE ONLY public.account_emailaddress
    ADD CONSTRAINT account_emailaddress_pkey PRIMARY KEY (id);


--
-- Name: account_emailconfirmation account_emailconfirmation_key_key; Type: CONSTRAINT; Schema: public; Owner: yllorca
--

ALTER TABLE ONLY public.account_emailconfirmation
    ADD CONSTRAINT account_emailconfirmation_key_key UNIQUE (key);


--
-- Name: account_emailconfirmation account_emailconfirmation_pkey; Type: CONSTRAINT; Schema: public; Owner: yllorca
--

ALTER TABLE ONLY public.account_emailconfirmation
    ADD CONSTRAINT account_emailconfirmation_pkey PRIMARY KEY (id);


--
-- Name: auth_group auth_group_name_key; Type: CONSTRAINT; Schema: public; Owner: yllorca
--

ALTER TABLE ONLY public.auth_group
    ADD CONSTRAINT auth_group_name_key UNIQUE (name);


--
-- Name: auth_group_permissions auth_group_permissions_group_id_permission_id_0cd325b0_uniq; Type: CONSTRAINT; Schema: public; Owner: yllorca
--

ALTER TABLE ONLY public.auth_group_permissions
    ADD CONSTRAINT auth_group_permissions_group_id_permission_id_0cd325b0_uniq UNIQUE (group_id, permission_id);


--
-- Name: auth_group_permissions auth_group_permissions_pkey; Type: CONSTRAINT; Schema: public; Owner: yllorca
--

ALTER TABLE ONLY public.auth_group_permissions
    ADD CONSTRAINT auth_group_permissions_pkey PRIMARY KEY (id);


--
-- Name: auth_group auth_group_pkey; Type: CONSTRAINT; Schema: public; Owner: yllorca
--

ALTER TABLE ONLY public.auth_group
    ADD CONSTRAINT auth_group_pkey PRIMARY KEY (id);


--
-- Name: auth_permission auth_permission_content_type_id_codename_01ab375a_uniq; Type: CONSTRAINT; Schema: public; Owner: yllorca
--

ALTER TABLE ONLY public.auth_permission
    ADD CONSTRAINT auth_permission_content_type_id_codename_01ab375a_uniq UNIQUE (content_type_id, codename);


--
-- Name: auth_permission auth_permission_pkey; Type: CONSTRAINT; Schema: public; Owner: yllorca
--

ALTER TABLE ONLY public.auth_permission
    ADD CONSTRAINT auth_permission_pkey PRIMARY KEY (id);


--
-- Name: auth_user_groups auth_user_groups_pkey; Type: CONSTRAINT; Schema: public; Owner: yllorca
--

ALTER TABLE ONLY public.auth_user_groups
    ADD CONSTRAINT auth_user_groups_pkey PRIMARY KEY (id);


--
-- Name: auth_user_groups auth_user_groups_user_id_group_id_94350c0c_uniq; Type: CONSTRAINT; Schema: public; Owner: yllorca
--

ALTER TABLE ONLY public.auth_user_groups
    ADD CONSTRAINT auth_user_groups_user_id_group_id_94350c0c_uniq UNIQUE (user_id, group_id);


--
-- Name: auth_user auth_user_pkey; Type: CONSTRAINT; Schema: public; Owner: yllorca
--

ALTER TABLE ONLY public.auth_user
    ADD CONSTRAINT auth_user_pkey PRIMARY KEY (id);


--
-- Name: auth_user_user_permissions auth_user_user_permissions_pkey; Type: CONSTRAINT; Schema: public; Owner: yllorca
--

ALTER TABLE ONLY public.auth_user_user_permissions
    ADD CONSTRAINT auth_user_user_permissions_pkey PRIMARY KEY (id);


--
-- Name: auth_user_user_permissions auth_user_user_permissions_user_id_permission_id_14a6b632_uniq; Type: CONSTRAINT; Schema: public; Owner: yllorca
--

ALTER TABLE ONLY public.auth_user_user_permissions
    ADD CONSTRAINT auth_user_user_permissions_user_id_permission_id_14a6b632_uniq UNIQUE (user_id, permission_id);


--
-- Name: auth_user auth_user_username_key; Type: CONSTRAINT; Schema: public; Owner: yllorca
--

ALTER TABLE ONLY public.auth_user
    ADD CONSTRAINT auth_user_username_key UNIQUE (username);


--
-- Name: cliente_cliente cliente_cliente_pkey; Type: CONSTRAINT; Schema: public; Owner: yllorca
--

ALTER TABLE ONLY public.cliente_cliente
    ADD CONSTRAINT cliente_cliente_pkey PRIMARY KEY (id);


--
-- Name: django_admin_log django_admin_log_pkey; Type: CONSTRAINT; Schema: public; Owner: yllorca
--

ALTER TABLE ONLY public.django_admin_log
    ADD CONSTRAINT django_admin_log_pkey PRIMARY KEY (id);


--
-- Name: django_content_type django_content_type_app_label_model_76bd3d3b_uniq; Type: CONSTRAINT; Schema: public; Owner: yllorca
--

ALTER TABLE ONLY public.django_content_type
    ADD CONSTRAINT django_content_type_app_label_model_76bd3d3b_uniq UNIQUE (app_label, model);


--
-- Name: django_content_type django_content_type_pkey; Type: CONSTRAINT; Schema: public; Owner: yllorca
--

ALTER TABLE ONLY public.django_content_type
    ADD CONSTRAINT django_content_type_pkey PRIMARY KEY (id);


--
-- Name: django_migrations django_migrations_pkey; Type: CONSTRAINT; Schema: public; Owner: yllorca
--

ALTER TABLE ONLY public.django_migrations
    ADD CONSTRAINT django_migrations_pkey PRIMARY KEY (id);


--
-- Name: django_session django_session_pkey; Type: CONSTRAINT; Schema: public; Owner: yllorca
--

ALTER TABLE ONLY public.django_session
    ADD CONSTRAINT django_session_pkey PRIMARY KEY (session_key);


--
-- Name: django_site django_site_domain_a2e37b91_uniq; Type: CONSTRAINT; Schema: public; Owner: yllorca
--

ALTER TABLE ONLY public.django_site
    ADD CONSTRAINT django_site_domain_a2e37b91_uniq UNIQUE (domain);


--
-- Name: django_site django_site_pkey; Type: CONSTRAINT; Schema: public; Owner: yllorca
--

ALTER TABLE ONLY public.django_site
    ADD CONSTRAINT django_site_pkey PRIMARY KEY (id);


--
-- Name: home_certificacion home_certificacion_pkey; Type: CONSTRAINT; Schema: public; Owner: yllorca
--

ALTER TABLE ONLY public.home_certificacion
    ADD CONSTRAINT home_certificacion_pkey PRIMARY KEY (id);


--
-- Name: home_contacto home_contacto_pkey; Type: CONSTRAINT; Schema: public; Owner: yllorca
--

ALTER TABLE ONLY public.home_contacto
    ADD CONSTRAINT home_contacto_pkey PRIMARY KEY (id);


--
-- Name: home_equipo home_equipo_pkey; Type: CONSTRAINT; Schema: public; Owner: yllorca
--

ALTER TABLE ONLY public.home_equipo
    ADD CONSTRAINT home_equipo_pkey PRIMARY KEY (id);


--
-- Name: home_servcio home_servcio_pkey; Type: CONSTRAINT; Schema: public; Owner: yllorca
--

ALTER TABLE ONLY public.home_servcio
    ADD CONSTRAINT home_servcio_pkey PRIMARY KEY (id);


--
-- Name: home_servcio home_servcio_slug_key; Type: CONSTRAINT; Schema: public; Owner: yllorca
--

ALTER TABLE ONLY public.home_servcio
    ADD CONSTRAINT home_servcio_slug_key UNIQUE (slug);


--
-- Name: informe_informe informe_informe_pkey; Type: CONSTRAINT; Schema: public; Owner: yllorca
--

ALTER TABLE ONLY public.informe_informe
    ADD CONSTRAINT informe_informe_pkey PRIMARY KEY (id);


--
-- Name: reclamo_reclamo reclamo_reclamo_pkey; Type: CONSTRAINT; Schema: public; Owner: yllorca
--

ALTER TABLE ONLY public.reclamo_reclamo
    ADD CONSTRAINT reclamo_reclamo_pkey PRIMARY KEY (id);


--
-- Name: reclamo_respuesta reclamo_respuesta_pkey; Type: CONSTRAINT; Schema: public; Owner: yllorca
--

ALTER TABLE ONLY public.reclamo_respuesta
    ADD CONSTRAINT reclamo_respuesta_pkey PRIMARY KEY (id);


--
-- Name: socialaccount_socialaccount socialaccount_socialaccount_pkey; Type: CONSTRAINT; Schema: public; Owner: yllorca
--

ALTER TABLE ONLY public.socialaccount_socialaccount
    ADD CONSTRAINT socialaccount_socialaccount_pkey PRIMARY KEY (id);


--
-- Name: socialaccount_socialaccount socialaccount_socialaccount_provider_uid_fc810c6e_uniq; Type: CONSTRAINT; Schema: public; Owner: yllorca
--

ALTER TABLE ONLY public.socialaccount_socialaccount
    ADD CONSTRAINT socialaccount_socialaccount_provider_uid_fc810c6e_uniq UNIQUE (provider, uid);


--
-- Name: socialaccount_socialapp_sites socialaccount_socialapp__socialapp_id_site_id_71a9a768_uniq; Type: CONSTRAINT; Schema: public; Owner: yllorca
--

ALTER TABLE ONLY public.socialaccount_socialapp_sites
    ADD CONSTRAINT socialaccount_socialapp__socialapp_id_site_id_71a9a768_uniq UNIQUE (socialapp_id, site_id);


--
-- Name: socialaccount_socialapp socialaccount_socialapp_pkey; Type: CONSTRAINT; Schema: public; Owner: yllorca
--

ALTER TABLE ONLY public.socialaccount_socialapp
    ADD CONSTRAINT socialaccount_socialapp_pkey PRIMARY KEY (id);


--
-- Name: socialaccount_socialapp_sites socialaccount_socialapp_sites_pkey; Type: CONSTRAINT; Schema: public; Owner: yllorca
--

ALTER TABLE ONLY public.socialaccount_socialapp_sites
    ADD CONSTRAINT socialaccount_socialapp_sites_pkey PRIMARY KEY (id);


--
-- Name: socialaccount_socialtoken socialaccount_socialtoken_app_id_account_id_fca4e0ac_uniq; Type: CONSTRAINT; Schema: public; Owner: yllorca
--

ALTER TABLE ONLY public.socialaccount_socialtoken
    ADD CONSTRAINT socialaccount_socialtoken_app_id_account_id_fca4e0ac_uniq UNIQUE (app_id, account_id);


--
-- Name: socialaccount_socialtoken socialaccount_socialtoken_pkey; Type: CONSTRAINT; Schema: public; Owner: yllorca
--

ALTER TABLE ONLY public.socialaccount_socialtoken
    ADD CONSTRAINT socialaccount_socialtoken_pkey PRIMARY KEY (id);


--
-- Name: account_emailaddress_email_03be32b2_like; Type: INDEX; Schema: public; Owner: yllorca
--

CREATE INDEX account_emailaddress_email_03be32b2_like ON public.account_emailaddress USING btree (email varchar_pattern_ops);


--
-- Name: account_emailaddress_user_id_2c513194; Type: INDEX; Schema: public; Owner: yllorca
--

CREATE INDEX account_emailaddress_user_id_2c513194 ON public.account_emailaddress USING btree (user_id);


--
-- Name: account_emailconfirmation_email_address_id_5b7f8c58; Type: INDEX; Schema: public; Owner: yllorca
--

CREATE INDEX account_emailconfirmation_email_address_id_5b7f8c58 ON public.account_emailconfirmation USING btree (email_address_id);


--
-- Name: account_emailconfirmation_key_f43612bd_like; Type: INDEX; Schema: public; Owner: yllorca
--

CREATE INDEX account_emailconfirmation_key_f43612bd_like ON public.account_emailconfirmation USING btree (key varchar_pattern_ops);


--
-- Name: auth_group_name_a6ea08ec_like; Type: INDEX; Schema: public; Owner: yllorca
--

CREATE INDEX auth_group_name_a6ea08ec_like ON public.auth_group USING btree (name varchar_pattern_ops);


--
-- Name: auth_group_permissions_group_id_b120cbf9; Type: INDEX; Schema: public; Owner: yllorca
--

CREATE INDEX auth_group_permissions_group_id_b120cbf9 ON public.auth_group_permissions USING btree (group_id);


--
-- Name: auth_group_permissions_permission_id_84c5c92e; Type: INDEX; Schema: public; Owner: yllorca
--

CREATE INDEX auth_group_permissions_permission_id_84c5c92e ON public.auth_group_permissions USING btree (permission_id);


--
-- Name: auth_permission_content_type_id_2f476e4b; Type: INDEX; Schema: public; Owner: yllorca
--

CREATE INDEX auth_permission_content_type_id_2f476e4b ON public.auth_permission USING btree (content_type_id);


--
-- Name: auth_user_groups_group_id_97559544; Type: INDEX; Schema: public; Owner: yllorca
--

CREATE INDEX auth_user_groups_group_id_97559544 ON public.auth_user_groups USING btree (group_id);


--
-- Name: auth_user_groups_user_id_6a12ed8b; Type: INDEX; Schema: public; Owner: yllorca
--

CREATE INDEX auth_user_groups_user_id_6a12ed8b ON public.auth_user_groups USING btree (user_id);


--
-- Name: auth_user_user_permissions_permission_id_1fbb5f2c; Type: INDEX; Schema: public; Owner: yllorca
--

CREATE INDEX auth_user_user_permissions_permission_id_1fbb5f2c ON public.auth_user_user_permissions USING btree (permission_id);


--
-- Name: auth_user_user_permissions_user_id_a95ead1b; Type: INDEX; Schema: public; Owner: yllorca
--

CREATE INDEX auth_user_user_permissions_user_id_a95ead1b ON public.auth_user_user_permissions USING btree (user_id);


--
-- Name: auth_user_username_6821ab7c_like; Type: INDEX; Schema: public; Owner: yllorca
--

CREATE INDEX auth_user_username_6821ab7c_like ON public.auth_user USING btree (username varchar_pattern_ops);


--
-- Name: cliente_cliente_usuario_id_ca212392; Type: INDEX; Schema: public; Owner: yllorca
--

CREATE INDEX cliente_cliente_usuario_id_ca212392 ON public.cliente_cliente USING btree (usuario_id);


--
-- Name: django_admin_log_content_type_id_c4bce8eb; Type: INDEX; Schema: public; Owner: yllorca
--

CREATE INDEX django_admin_log_content_type_id_c4bce8eb ON public.django_admin_log USING btree (content_type_id);


--
-- Name: django_admin_log_user_id_c564eba6; Type: INDEX; Schema: public; Owner: yllorca
--

CREATE INDEX django_admin_log_user_id_c564eba6 ON public.django_admin_log USING btree (user_id);


--
-- Name: django_session_expire_date_a5c62663; Type: INDEX; Schema: public; Owner: yllorca
--

CREATE INDEX django_session_expire_date_a5c62663 ON public.django_session USING btree (expire_date);


--
-- Name: django_session_session_key_c0390e0f_like; Type: INDEX; Schema: public; Owner: yllorca
--

CREATE INDEX django_session_session_key_c0390e0f_like ON public.django_session USING btree (session_key varchar_pattern_ops);


--
-- Name: django_site_domain_a2e37b91_like; Type: INDEX; Schema: public; Owner: yllorca
--

CREATE INDEX django_site_domain_a2e37b91_like ON public.django_site USING btree (domain varchar_pattern_ops);


--
-- Name: home_servcio_slug_b817652a_like; Type: INDEX; Schema: public; Owner: yllorca
--

CREATE INDEX home_servcio_slug_b817652a_like ON public.home_servcio USING btree (slug varchar_pattern_ops);


--
-- Name: informe_informe_cliente_id_58f45375; Type: INDEX; Schema: public; Owner: yllorca
--

CREATE INDEX informe_informe_cliente_id_58f45375 ON public.informe_informe USING btree (cliente_id);


--
-- Name: reclamo_reclamo_cliente_id_6c47fce6; Type: INDEX; Schema: public; Owner: yllorca
--

CREATE INDEX reclamo_reclamo_cliente_id_6c47fce6 ON public.reclamo_reclamo USING btree (cliente_id);


--
-- Name: reclamo_respuesta_reclamo_id_8338da3e; Type: INDEX; Schema: public; Owner: yllorca
--

CREATE INDEX reclamo_respuesta_reclamo_id_8338da3e ON public.reclamo_respuesta USING btree (reclamo_id);


--
-- Name: reclamo_respuesta_usuario_interno_id_3265e4ff; Type: INDEX; Schema: public; Owner: yllorca
--

CREATE INDEX reclamo_respuesta_usuario_interno_id_3265e4ff ON public.reclamo_respuesta USING btree (usuario_interno_id);


--
-- Name: socialaccount_socialaccount_user_id_8146e70c; Type: INDEX; Schema: public; Owner: yllorca
--

CREATE INDEX socialaccount_socialaccount_user_id_8146e70c ON public.socialaccount_socialaccount USING btree (user_id);


--
-- Name: socialaccount_socialapp_sites_site_id_2579dee5; Type: INDEX; Schema: public; Owner: yllorca
--

CREATE INDEX socialaccount_socialapp_sites_site_id_2579dee5 ON public.socialaccount_socialapp_sites USING btree (site_id);


--
-- Name: socialaccount_socialapp_sites_socialapp_id_97fb6e7d; Type: INDEX; Schema: public; Owner: yllorca
--

CREATE INDEX socialaccount_socialapp_sites_socialapp_id_97fb6e7d ON public.socialaccount_socialapp_sites USING btree (socialapp_id);


--
-- Name: socialaccount_socialtoken_account_id_951f210e; Type: INDEX; Schema: public; Owner: yllorca
--

CREATE INDEX socialaccount_socialtoken_account_id_951f210e ON public.socialaccount_socialtoken USING btree (account_id);


--
-- Name: socialaccount_socialtoken_app_id_636a42d7; Type: INDEX; Schema: public; Owner: yllorca
--

CREATE INDEX socialaccount_socialtoken_app_id_636a42d7 ON public.socialaccount_socialtoken USING btree (app_id);


--
-- Name: account_emailaddress account_emailaddress_user_id_2c513194_fk_auth_user_id; Type: FK CONSTRAINT; Schema: public; Owner: yllorca
--

ALTER TABLE ONLY public.account_emailaddress
    ADD CONSTRAINT account_emailaddress_user_id_2c513194_fk_auth_user_id FOREIGN KEY (user_id) REFERENCES public.auth_user(id) DEFERRABLE INITIALLY DEFERRED;


--
-- Name: account_emailconfirmation account_emailconfirm_email_address_id_5b7f8c58_fk_account_e; Type: FK CONSTRAINT; Schema: public; Owner: yllorca
--

ALTER TABLE ONLY public.account_emailconfirmation
    ADD CONSTRAINT account_emailconfirm_email_address_id_5b7f8c58_fk_account_e FOREIGN KEY (email_address_id) REFERENCES public.account_emailaddress(id) DEFERRABLE INITIALLY DEFERRED;


--
-- Name: auth_group_permissions auth_group_permissio_permission_id_84c5c92e_fk_auth_perm; Type: FK CONSTRAINT; Schema: public; Owner: yllorca
--

ALTER TABLE ONLY public.auth_group_permissions
    ADD CONSTRAINT auth_group_permissio_permission_id_84c5c92e_fk_auth_perm FOREIGN KEY (permission_id) REFERENCES public.auth_permission(id) DEFERRABLE INITIALLY DEFERRED;


--
-- Name: auth_group_permissions auth_group_permissions_group_id_b120cbf9_fk_auth_group_id; Type: FK CONSTRAINT; Schema: public; Owner: yllorca
--

ALTER TABLE ONLY public.auth_group_permissions
    ADD CONSTRAINT auth_group_permissions_group_id_b120cbf9_fk_auth_group_id FOREIGN KEY (group_id) REFERENCES public.auth_group(id) DEFERRABLE INITIALLY DEFERRED;


--
-- Name: auth_permission auth_permission_content_type_id_2f476e4b_fk_django_co; Type: FK CONSTRAINT; Schema: public; Owner: yllorca
--

ALTER TABLE ONLY public.auth_permission
    ADD CONSTRAINT auth_permission_content_type_id_2f476e4b_fk_django_co FOREIGN KEY (content_type_id) REFERENCES public.django_content_type(id) DEFERRABLE INITIALLY DEFERRED;


--
-- Name: auth_user_groups auth_user_groups_group_id_97559544_fk_auth_group_id; Type: FK CONSTRAINT; Schema: public; Owner: yllorca
--

ALTER TABLE ONLY public.auth_user_groups
    ADD CONSTRAINT auth_user_groups_group_id_97559544_fk_auth_group_id FOREIGN KEY (group_id) REFERENCES public.auth_group(id) DEFERRABLE INITIALLY DEFERRED;


--
-- Name: auth_user_groups auth_user_groups_user_id_6a12ed8b_fk_auth_user_id; Type: FK CONSTRAINT; Schema: public; Owner: yllorca
--

ALTER TABLE ONLY public.auth_user_groups
    ADD CONSTRAINT auth_user_groups_user_id_6a12ed8b_fk_auth_user_id FOREIGN KEY (user_id) REFERENCES public.auth_user(id) DEFERRABLE INITIALLY DEFERRED;


--
-- Name: auth_user_user_permissions auth_user_user_permi_permission_id_1fbb5f2c_fk_auth_perm; Type: FK CONSTRAINT; Schema: public; Owner: yllorca
--

ALTER TABLE ONLY public.auth_user_user_permissions
    ADD CONSTRAINT auth_user_user_permi_permission_id_1fbb5f2c_fk_auth_perm FOREIGN KEY (permission_id) REFERENCES public.auth_permission(id) DEFERRABLE INITIALLY DEFERRED;


--
-- Name: auth_user_user_permissions auth_user_user_permissions_user_id_a95ead1b_fk_auth_user_id; Type: FK CONSTRAINT; Schema: public; Owner: yllorca
--

ALTER TABLE ONLY public.auth_user_user_permissions
    ADD CONSTRAINT auth_user_user_permissions_user_id_a95ead1b_fk_auth_user_id FOREIGN KEY (user_id) REFERENCES public.auth_user(id) DEFERRABLE INITIALLY DEFERRED;


--
-- Name: cliente_cliente cliente_cliente_usuario_id_ca212392_fk_auth_user_id; Type: FK CONSTRAINT; Schema: public; Owner: yllorca
--

ALTER TABLE ONLY public.cliente_cliente
    ADD CONSTRAINT cliente_cliente_usuario_id_ca212392_fk_auth_user_id FOREIGN KEY (usuario_id) REFERENCES public.auth_user(id) DEFERRABLE INITIALLY DEFERRED;


--
-- Name: django_admin_log django_admin_log_content_type_id_c4bce8eb_fk_django_co; Type: FK CONSTRAINT; Schema: public; Owner: yllorca
--

ALTER TABLE ONLY public.django_admin_log
    ADD CONSTRAINT django_admin_log_content_type_id_c4bce8eb_fk_django_co FOREIGN KEY (content_type_id) REFERENCES public.django_content_type(id) DEFERRABLE INITIALLY DEFERRED;


--
-- Name: django_admin_log django_admin_log_user_id_c564eba6_fk_auth_user_id; Type: FK CONSTRAINT; Schema: public; Owner: yllorca
--

ALTER TABLE ONLY public.django_admin_log
    ADD CONSTRAINT django_admin_log_user_id_c564eba6_fk_auth_user_id FOREIGN KEY (user_id) REFERENCES public.auth_user(id) DEFERRABLE INITIALLY DEFERRED;


--
-- Name: informe_informe informe_informe_cliente_id_58f45375_fk_cliente_cliente_id; Type: FK CONSTRAINT; Schema: public; Owner: yllorca
--

ALTER TABLE ONLY public.informe_informe
    ADD CONSTRAINT informe_informe_cliente_id_58f45375_fk_cliente_cliente_id FOREIGN KEY (cliente_id) REFERENCES public.cliente_cliente(id) DEFERRABLE INITIALLY DEFERRED;


--
-- Name: reclamo_reclamo reclamo_reclamo_cliente_id_6c47fce6_fk_cliente_cliente_id; Type: FK CONSTRAINT; Schema: public; Owner: yllorca
--

ALTER TABLE ONLY public.reclamo_reclamo
    ADD CONSTRAINT reclamo_reclamo_cliente_id_6c47fce6_fk_cliente_cliente_id FOREIGN KEY (cliente_id) REFERENCES public.cliente_cliente(id) DEFERRABLE INITIALLY DEFERRED;


--
-- Name: reclamo_respuesta reclamo_respuesta_reclamo_id_8338da3e_fk_reclamo_reclamo_id; Type: FK CONSTRAINT; Schema: public; Owner: yllorca
--

ALTER TABLE ONLY public.reclamo_respuesta
    ADD CONSTRAINT reclamo_respuesta_reclamo_id_8338da3e_fk_reclamo_reclamo_id FOREIGN KEY (reclamo_id) REFERENCES public.reclamo_reclamo(id) DEFERRABLE INITIALLY DEFERRED;


--
-- Name: reclamo_respuesta reclamo_respuesta_usuario_interno_id_3265e4ff_fk_auth_user_id; Type: FK CONSTRAINT; Schema: public; Owner: yllorca
--

ALTER TABLE ONLY public.reclamo_respuesta
    ADD CONSTRAINT reclamo_respuesta_usuario_interno_id_3265e4ff_fk_auth_user_id FOREIGN KEY (usuario_interno_id) REFERENCES public.auth_user(id) DEFERRABLE INITIALLY DEFERRED;


--
-- Name: socialaccount_socialtoken socialaccount_social_account_id_951f210e_fk_socialacc; Type: FK CONSTRAINT; Schema: public; Owner: yllorca
--

ALTER TABLE ONLY public.socialaccount_socialtoken
    ADD CONSTRAINT socialaccount_social_account_id_951f210e_fk_socialacc FOREIGN KEY (account_id) REFERENCES public.socialaccount_socialaccount(id) DEFERRABLE INITIALLY DEFERRED;


--
-- Name: socialaccount_socialtoken socialaccount_social_app_id_636a42d7_fk_socialacc; Type: FK CONSTRAINT; Schema: public; Owner: yllorca
--

ALTER TABLE ONLY public.socialaccount_socialtoken
    ADD CONSTRAINT socialaccount_social_app_id_636a42d7_fk_socialacc FOREIGN KEY (app_id) REFERENCES public.socialaccount_socialapp(id) DEFERRABLE INITIALLY DEFERRED;


--
-- Name: socialaccount_socialapp_sites socialaccount_social_site_id_2579dee5_fk_django_si; Type: FK CONSTRAINT; Schema: public; Owner: yllorca
--

ALTER TABLE ONLY public.socialaccount_socialapp_sites
    ADD CONSTRAINT socialaccount_social_site_id_2579dee5_fk_django_si FOREIGN KEY (site_id) REFERENCES public.django_site(id) DEFERRABLE INITIALLY DEFERRED;


--
-- Name: socialaccount_socialapp_sites socialaccount_social_socialapp_id_97fb6e7d_fk_socialacc; Type: FK CONSTRAINT; Schema: public; Owner: yllorca
--

ALTER TABLE ONLY public.socialaccount_socialapp_sites
    ADD CONSTRAINT socialaccount_social_socialapp_id_97fb6e7d_fk_socialacc FOREIGN KEY (socialapp_id) REFERENCES public.socialaccount_socialapp(id) DEFERRABLE INITIALLY DEFERRED;


--
-- Name: socialaccount_socialaccount socialaccount_socialaccount_user_id_8146e70c_fk_auth_user_id; Type: FK CONSTRAINT; Schema: public; Owner: yllorca
--

ALTER TABLE ONLY public.socialaccount_socialaccount
    ADD CONSTRAINT socialaccount_socialaccount_user_id_8146e70c_fk_auth_user_id FOREIGN KEY (user_id) REFERENCES public.auth_user(id) DEFERRABLE INITIALLY DEFERRED;


--
-- PostgreSQL database dump complete
--

